;2014;2013;2012;2011;2010;2009;2008;2007;2006;2005;2004;2003;2002;2001;2000;1999;1998;1997;1996;1995;1994;1993;1992;1991;1990;1989;1988;1987
001-008  I.Enfermedades infecciosas y parasitarias (1);;;;;;;;;;;;;;;;;;;;;;;;;;;;
Menos de 1 año;17.0;12.0;20.0;26.0;21.0;29.0;29.0;29.0;40.0;31.0;28.0;25.0;22.0;21.0;34.0;24.0;40.0;38.0;42.0;43.0;62.0;71.0;61.0;77.0;81.0;107.0;113.0;113.0
De 1 a 4 años;12.0;16.0;16.0;22.0;18.0;30.0;20.0;30.0;23.0;31.0;22.0;32.0;27.0;24.0;43.0;50.0;34.0;64.0;88.0;74.0;64.0;72.0;84.0;66.0;63.0;66.0;79.0;77.0
De 5 a 9 años;4.0;6.0;3.0;4.0;5.0;6.0;8.0;11.0;6.0;5.0;9.0;12.0;16.0;12.0;19.0;21.0;15.0;16.0;27.0;25.0;38.0;25.0;34.0;30.0;26.0;18.0;24.0;36.0
De 10 a 14 años;4.0;6.0;2.0;3.0;4.0;3.0;4.0;8.0;8.0;3.0;10.0;19.0;12.0;19.0;6.0;10.0;8.0;16.0;30.0;20.0;32.0;20.0;12.0;22.0;26.0;30.0;16.0;21.0
De 15 a 19 años;4.0;6.0;4.0;16.0;6.0;7.0;17.0;15.0;17.0;18.0;18.0;18.0;31.0;18.0;26.0;19.0;24.0;42.0;50.0;37.0;42.0;52.0;60.0;43.0;46.0;40.0;39.0;37.0
De 20 a 24 años;14.0;8.0;11.0;16.0;13.0;10.0;14.0;27.0;17.0;17.0;22.0;25.0;27.0;37.0;34.0;50.0;48.0;81.0;176.0;200.0;201.0;222.0;265.0;215.0;228.0;198.0;148.0;137.0
De 25 a 29 años;19.0;25.0;22.0;25.0;29.0;32.0;53.0;26.0;51.0;46.0;69.0;80.0;111.0;103.0;140.0;203.0;256.0;462.0;976.0;1060.0;1121.0;1031.0;973.0;870.0;710.0;555.0;331.0;177.0
De 30 a 34 años;38.0;41.0;46.0;58.0;70.0;86.0;103.0;138.0;145.0;208.0;220.0;274.0;303.0;374.0;425.0;499.0;614.0;1032.0;2045.0;2170.0;1827.0;1492.0;1212.0;914.0;652.0;414.0;223.0;143.0
De 35 a 39 años;81.0;76.0;106.0;115.0;157.0;205.0;276.0;337.0;330.0;431.0;521.0;536.0;563.0;627.0;617.0;625.0;564.0;832.0;1469.0;1329.0;975.0;805.0;590.0;417.0;300.0;212.0;173.0;113.0
De 40 a 44 años;162.0;177.0;237.0;287.0;324.0;385.0;467.0;572.0;524.0;558.0;585.0;594.0;526.0;482.0;401.0;395.0;304.0;403.0;625.0;518.0;453.0;361.0;315.0;253.0;232.0;147.0;127.0;88.0
De 45 a 49 años;313.0;349.0;373.0;407.0;443.0;457.0;437.0;394.0;420.0;386.0;343.0;310.0;272.0;253.0;225.0;219.0;212.0;233.0;378.0;374.0;330.0;339.0;225.0;225.0;178.0;134.0;108.0;88.0
De 50 a 54 años;349.0;327.0;349.0;339.0;293.0;276.0;289.0;267.0;251.0;241.0;232.0;226.0;199.0;202.0;201.0;185.0;159.0;210.0;260.0;274.0;247.0;215.0;196.0;202.0;177.0;149.0;158.0;157.0
De 55 a 59 años;277.0;242.0;238.0;223.0;199.0;208.0;218.0;238.0;258.0;245.0;216.0;234.0;217.0;192.0;176.0;221.0;184.0;212.0;279.0;267.0;246.0;261.0;269.0;252.0;233.0;238.0;204.0;219.0
De 60 a 64 años;248.0;276.0;271.0;254.0;240.0;266.0;301.0;305.0;299.0;316.0;278.0;264.0;268.0;259.0;251.0;292.0;301.0;297.0;356.0;403.0;364.0;377.0;358.0;304.0;305.0;310.0;245.0;259.0
De 65 a 69 años;355.0;291.0;349.0;325.0;290.0;338.0;373.0;363.0;372.0;401.0;440.0;478.0;443.0;489.0;489.0;477.0;466.0;476.0;502.0;495.0;446.0;450.0;402.0;365.0;382.0;357.0;293.0;298.0
De 70 a 74 años;448.0;417.0;431.0;441.0;461.0;605.0;656.0;693.0;655.0;772.0;746.0;759.0;646.0;649.0;608.0;655.0;651.0;601.0;574.0;598.0;541.0;516.0;455.0;430.0;456.0;428.0;376.0;369.0
De 75 a 79 años;777.0;752.0;789.0;772.0;870.0;957.0;1065.0;1102.0;1020.0;1006.0;990.0;926.0;869.0;856.0;767.0;787.0;742.0;659.0;629.0;625.0;593.0;628.0;606.0;568.0;576.0;542.0;510.0;433.0
De 80 a 84 años;1177.0;1128.0;1123.0;1066.0;1080.0;1091.0;1274.0;1284.0;1108.0;1213.0;999.0;1009.0;872.0;797.0;750.0;710.0;685.0;660.0;667.0;691.0;638.0;684.0;634.0;652.0;576.0;548.0;533.0;497.0
De 85 a 89 años;1192.0;1120.0;1167.0;1091.0;1122.0;1067.0;1188.0;1124.0;871.0;844.0;826.0;813.0;774.0;679.0;653.0;664.0;633.0;576.0;603.0;592.0;529.0;517.0;503.0;478.0;427.0;391.0;349.0;283.0
De 90 a 94 años;755.0;687.0;684.0;627.0;605.0;557.0;650.0;597.0;587.0;540.0;494.0;503.0;396.0;349.0;329.0;316.0;330.0;271.0;264.0;261.0;247.0;247.0;188.0;179.0;156.0;152.0;126.0;138.0
De 95 y más años;262.0;247.0;279.0;281.0;239.0;228.0;270.0;222.0;199.0;181.0;150.0;165.0;142.0;115.0;90.0;108.0;83.0;81.0;74.0;82.0;54.0;51.0;45.0;46.0;47.0;49.0;40.0;35.0
009-041  II.Tumores;;;;;;;;;;;;;;;;;;;;;;;;;;;;
Menos de 1 año;9.0;9.0;13.0;10.0;16.0;24.0;18.0;15.0;23.0;26.0;21.0;20.0;19.0;14.0;10.0;19.0;21.0;18.0;20.0;19.0;23.0;25.0;16.0;25.0;18.0;27.0;24.0;20.0
De 1 a 4 años;55.0;58.0;64.0;48.0;64.0;56.0;58.0;74.0;47.0;57.0;55.0;68.0;63.0;54.0;55.0;46.0;65.0;73.0;76.0;79.0;82.0;80.0;78.0;92.0;101.0;99.0;94.0;107.0
De 5 a 9 años;72.0;85.0;79.0;74.0;76.0;75.0;70.0;73.0;81.0;76.0;66.0;76.0;80.0;86.0;83.0;79.0;106.0;81.0;98.0;94.0;112.0;111.0;122.0;132.0;136.0;129.0;160.0;148.0
De 10 a 14 años;66.0;57.0;67.0;61.0;76.0;70.0;59.0;77.0;76.0;78.0;66.0;83.0;62.0;76.0;80.0;83.0;105.0;90.0;117.0;108.0;135.0;123.0;126.0;145.0;157.0;156.0;150.0;177.0
De 15 a 19 años;74.0;70.0;69.0;96.0;92.0;104.0;123.0;117.0;101.0;111.0;95.0;102.0;112.0;109.0;141.0;128.0;153.0;189.0;192.0;173.0;186.0;205.0;211.0;193.0;211.0;192.0;189.0;241.0
De 20 a 24 años;131.0;105.0;122.0;125.0;129.0;124.0;133.0;111.0;146.0;141.0;156.0;184.0;221.0;177.0;183.0;198.0;179.0;185.0;194.0;206.0;220.0;226.0;191.0;221.0;226.0;230.0;233.0;264.0
De 25 a 29 años;135.0;180.0;182.0;194.0;182.0;239.0;196.0;242.0;222.0;225.0;265.0;275.0;254.0;269.0;261.0;265.0;248.0;260.0;238.0;279.0;307.0;310.0;328.0;279.0;331.0;328.0;359.0;347.0
De 30 a 34 años;317.0;316.0;405.0;399.0;385.0;387.0;383.0;398.0;426.0;416.0;415.0;431.0;424.0;465.0;440.0;486.0;495.0;509.0;519.0;520.0;518.0;487.0;515.0;520.0;503.0;550.0;504.0;469.0
De 35 a 39 años;644.0;695.0;744.0;775.0;720.0;739.0;791.0;765.0;853.0;919.0;837.0;887.0;900.0;901.0;913.0;930.0;960.0;1009.0;983.0;1035.0;951.0;925.0;917.0;938.0;952.0;884.0;938.0;939.0
De 40 a 44 años;1342.0;1362.0;1421.0;1463.0;1478.0;1530.0;1605.0;1646.0;1699.0;1674.0;1696.0;1786.0;1765.0;1742.0;1848.0;1753.0;1776.0;1706.0;1764.0;1699.0;1733.0;1743.0;1708.0;1685.0;1686.0;1714.0;1704.0;1544.0
De 45 a 49 años;2800.0;2813.0;3014.0;2905.0;2924.0;3017.0;3156.0;3117.0;3090.0;3070.0;3188.0;3126.0;3017.0;2892.0;2860.0;2888.0;2919.0;2975.0;2766.0;3010.0;3084.0;2906.0;2765.0;2740.0;2491.0;2452.0;2315.0;2298.0
De 50 a 54 años;4848.0;5039.0;5160.0;5126.0;5058.0;4992.0;4960.0;4855.0;4690.0;4536.0;4639.0;4501.0;4568.0;4578.0;4533.0;4638.0;4477.0;4416.0;4228.0;4168.0;4023.0;3834.0;3716.0;3814.0;4043.0;4018.0;4306.0;4454.0
De 55 a 59 años;7102.0;7173.0;7015.0;7020.0;6951.0;6794.0;6775.0;6747.0;6755.0;6651.0;6708.0;6727.0;6396.0;6316.0;5975.0;5971.0;5413.0;5347.0;5730.0;6028.0;6180.0;6477.0;6887.0;6740.0;6731.0;6949.0;6848.0;6610.0
De 60 a 64 años;9235.0;9529.0;9523.0;9395.0;9337.0;9193.0;9288.0;8996.0;8549.0;8379.0;8213.0;7768.0;7695.0;7958.0;8023.0;8412.0;8994.0;9315.0;9386.0;9848.0;9769.0;9755.0;9790.0;9637.0;9304.0;9183.0;9113.0;8852.0
De 65 a 69 años;12188.0;12007.0;11854.0;11361.0;10948.0;10831.0;9758.0;9921.0;10221.0;10685.0;11086.0;11850.0;12124.0;12576.0;12752.0;12879.0;12624.0;12652.0;12405.0;12489.0;12453.0;12216.0;12017.0;11878.0;11702.0;11120.0;10669.0;10010.0
De 70 a 74 años;13138.0;12707.0;12492.0;12866.0;13169.0;13265.0;14379.0;15120.0;15369.0;15244.0;15551.0;15535.0;15346.0;15554.0;15052.0;14869.0;14960.0;14876.0;14542.0;14378.0;13931.0;13350.0;12479.0;12006.0;11490.0;11117.0;10839.0;10834.0
De 75 a 79 años;15814.0;17181.0;17774.0;17859.0;17904.0;17971.0;17853.0;17671.0;17359.0;17118.0;17059.0;16864.0;16796.0;16800.0;15883.0;15666.0;14976.0;13962.0;13428.0;13022.0;12561.0;12441.0;12277.0;12056.0;12132.0;11914.0;11826.0;11449.0
De 80 a 84 años;18861.0;18802.0;18784.0;18511.0;17709.0;17150.0;16910.0;16704.0;16149.0;15825.0;15525.0;14666.0;13770.0;13070.0;12459.0;12316.0;12073.0;11872.0;11778.0;12006.0;11692.0;11341.0;10662.0;10382.0;10055.0;9630.0;9316.0;8991.0
De 85 a 89 años;14483.0;14423.0;14196.0;13574.0;13032.0;12301.0;11442.0;10828.0;10111.0;9519.0;9324.0;9325.0;9139.0;9205.0;9004.0;8801.0;8364.0;8286.0;7686.0;7570.0;7224.0;6789.0;6122.0;5892.0;5616.0;5301.0;5095.0;4538.0
De 90 a 94 años;7183.0;6682.0;6262.0;5756.0;5335.0;4798.0;4750.0;4600.0;4493.0;4368.0;4417.0;4511.0;4031.0;3938.0;3681.0;3393.0;3320.0;3087.0;2949.0;2674.0;2498.0;2250.0;1944.0;1822.0;1636.0;1501.0;1403.0;1297.0
De 95 y más años;1781.0;1728.0;1753.0;1723.0;1635.0;1472.0;1347.0;1252.0;1223.0;1088.0;1103.0;1041.0;1002.0;934.0;836.0;746.0;718.0;607.0;587.0;534.0;456.0;426.0;364.0;370.0;336.0;341.0;284.0;279.0
042-043  III.Enfermedades de la sangre y de los órganos hematopoyéticos, y ciertos trastornos que afectan al mecanismo de la inmunidad;;;;;;;;;;;;;;;;;;;;;;;;;;;;
Menos de 1 año;5.0;6.0;8.0;9.0;9.0;7.0;8.0;8.0;8.0;9.0;8.0;8.0;8.0;9.0;8.0;7.0;5.0;7.0;8.0;16.0;6.0;15.0;12.0;16.0;11.0;11.0;9.0;12.0
De 1 a 4 años;4.0;9.0;9.0;13.0;10.0;7.0;9.0;7.0;8.0;11.0;6.0;7.0;8.0;4.0;6.0;8.0;4.0;6.0;7.0;11.0;13.0;11.0;5.0;5.0;11.0;7.0;6.0;12.0
De 5 a 9 años;5.0;4.0;6.0;7.0;6.0;4.0;7.0;8.0;4.0;1.0;4.0;5.0;6.0;5.0;10.0;2.0;3.0;5.0;4.0;5.0;7.0;9.0;9.0;4.0;12.0;2.0;8.0;5.0
De 10 a 14 años;7.0;4.0;7.0;4.0;6.0;6.0;5.0;6.0;7.0;5.0;6.0;6.0;5.0;6.0;6.0;1.0;5.0;7.0;4.0;14.0;7.0;9.0;12.0;9.0;14.0;14.0;7.0;19.0
De 15 a 19 años;7.0;6.0;6.0;5.0;3.0;5.0;4.0;5.0;3.0;8.0;6.0;3.0;5.0;6.0;5.0;6.0;8.0;9.0;12.0;5.0;16.0;17.0;5.0;10.0;10.0;9.0;6.0;8.0
De 20 a 24 años;6.0;5.0;6.0;7.0;7.0;6.0;4.0;3.0;8.0;6.0;8.0;9.0;5.0;8.0;8.0;7.0;16.0;7.0;9.0;6.0;11.0;13.0;9.0;14.0;17.0;14.0;15.0;15.0
De 25 a 29 años;5.0;6.0;5.0;4.0;3.0;7.0;13.0;7.0;2.0;7.0;10.0;11.0;8.0;5.0;11.0;9.0;9.0;13.0;14.0;23.0;30.0;25.0;31.0;22.0;24.0;26.0;13.0;14.0
De 30 a 34 años;9.0;10.0;8.0;9.0;10.0;8.0;11.0;16.0;10.0;8.0;8.0;6.0;11.0;14.0;15.0;19.0;14.0;15.0;29.0;32.0;29.0;31.0;31.0;19.0;15.0;13.0;14.0;17.0
De 35 a 39 años;4.0;7.0;12.0;13.0;9.0;14.0;8.0;19.0;20.0;15.0;15.0;14.0;18.0;13.0;19.0;13.0;24.0;16.0;19.0;22.0;21.0;22.0;29.0;24.0;18.0;21.0;15.0;16.0
De 40 a 44 años;18.0;15.0;12.0;18.0;17.0;18.0;24.0;17.0;13.0;15.0;12.0;17.0;19.0;17.0;20.0;10.0;10.0;14.0;17.0;14.0;15.0;16.0;15.0;17.0;18.0;17.0;20.0;21.0
De 45 a 49 años;22.0;27.0;20.0;20.0;24.0;21.0;22.0;15.0;18.0;20.0;17.0;19.0;18.0;14.0;16.0;13.0;14.0;11.0;25.0;17.0;20.0;12.0;26.0;19.0;16.0;14.0;16.0;13.0
De 50 a 54 años;35.0;25.0;19.0;28.0;22.0;22.0;24.0;21.0;24.0;18.0;17.0;21.0;19.0;23.0;22.0;13.0;18.0;13.0;28.0;24.0;22.0;23.0;22.0;21.0;24.0;21.0;31.0;29.0
De 55 a 59 años;39.0;32.0;35.0;34.0;27.0;33.0;31.0;27.0;13.0;25.0;31.0;24.0;27.0;21.0;27.0;25.0;26.0;25.0;31.0;26.0;36.0;26.0;37.0;36.0;33.0;33.0;40.0;41.0
De 60 a 64 años;58.0;57.0;40.0;40.0;40.0;42.0;37.0;39.0;34.0;39.0;42.0;34.0;39.0;42.0;43.0;33.0;55.0;58.0;50.0;41.0;55.0;62.0;52.0;57.0;62.0;56.0;70.0;61.0
De 65 a 69 años;76.0;82.0;70.0;55.0;62.0;56.0;54.0;54.0;57.0;58.0;62.0;58.0;76.0;73.0;70.0;62.0;66.0;86.0;76.0;79.0;78.0;93.0;76.0;93.0;99.0;80.0;77.0;77.0
De 70 a 74 años;109.0;75.0;81.0;91.0;92.0;100.0;92.0;73.0;98.0;98.0;90.0;103.0;103.0;87.0;96.0;105.0;134.0;152.0;113.0;109.0;124.0;122.0;119.0;120.0;117.0;109.0;95.0;123.0
De 75 a 79 años;182.0;145.0;183.0;170.0;192.0;176.0;171.0;164.0;164.0;177.0;177.0;194.0;139.0;135.0;167.0;150.0;205.0;163.0;171.0;164.0;168.0;178.0;180.0;197.0;157.0;188.0;134.0;151.0
De 80 a 84 años;306.0;283.0;264.0;284.0;269.0;249.0;219.0;217.0;232.0;257.0;234.0;211.0;224.0;180.0;195.0;188.0;236.0;213.0;215.0;226.0;230.0;245.0;216.0;263.0;219.0;202.0;178.0;169.0
De 85 a 89 años;362.0;358.0;343.0;320.0;321.0;303.0;272.0;258.0;252.0;236.0;270.0;232.0;275.0;234.0;235.0;245.0;278.0;258.0;268.0;244.0;216.0;206.0;183.0;203.0;178.0;170.0;137.0;106.0
De 90 a 94 años;354.0;336.0;261.0;231.0;247.0;236.0;218.0;224.0;171.0;211.0;183.0;174.0;182.0;159.0;180.0;149.0;170.0;138.0;130.0;135.0;127.0;109.0;67.0;78.0;62.0;56.0;48.0;33.0
De 95 y más años;171.0;147.0;160.0;166.0;143.0;148.0;109.0;101.0;81.0;92.0;85.0;88.0;61.0;63.0;51.0;59.0;41.0;46.0;32.0;42.0;39.0;18.0;22.0;20.0;14.0;10.0;12.0;13.0
044-045  IV.Enfermedades endocrinas, nutricionales y metabólicas;;;;;;;;;;;;;;;;;;;;;;;;;;;;
Menos de 1 año;26.0;24.0;33.0;25.0;36.0;42.0;31.0;25.0;37.0;40.0;41.0;27.0;20.0;27.0;28.0;30.0;28.0;21.0;25.0;29.0;28.0;31.0;30.0;24.0;31.0;36.0;42.0;39.0
De 1 a 4 años;16.0;17.0;11.0;20.0;14.0;17.0;13.0;22.0;16.0;15.0;23.0;21.0;18.0;16.0;16.0;13.0;15.0;17.0;16.0;23.0;18.0;11.0;25.0;21.0;24.0;16.0;23.0;19.0
De 5 a 9 años;9.0;10.0;18.0;10.0;7.0;10.0;7.0;14.0;4.0;11.0;8.0;5.0;4.0;9.0;9.0;12.0;13.0;8.0;15.0;13.0;6.0;15.0;6.0;15.0;14.0;25.0;15.0;21.0
De 10 a 14 años;13.0;6.0;9.0;10.0;9.0;6.0;10.0;11.0;7.0;12.0;9.0;12.0;9.0;16.0;5.0;9.0;14.0;15.0;22.0;13.0;10.0;19.0;23.0;13.0;21.0;21.0;15.0;19.0
De 15 a 19 años;8.0;14.0;5.0;4.0;13.0;7.0;15.0;7.0;10.0;8.0;17.0;5.0;7.0;9.0;13.0;10.0;16.0;13.0;12.0;15.0;9.0;12.0;14.0;6.0;18.0;18.0;6.0;15.0
De 20 a 24 años;10.0;15.0;12.0;12.0;16.0;15.0;16.0;14.0;12.0;10.0;19.0;15.0;15.0;11.0;13.0;20.0;21.0;13.0;9.0;14.0;12.0;2.0;15.0;16.0;13.0;8.0;7.0;15.0
De 25 a 29 años;13.0;13.0;16.0;14.0;17.0;16.0;39.0;22.0;21.0;18.0;25.0;21.0;6.0;27.0;20.0;17.0;16.0;19.0;18.0;18.0;24.0;12.0;28.0;21.0;19.0;16.0;19.0;22.0
De 30 a 34 años;21.0;20.0;28.0;18.0;32.0;29.0;21.0;19.0;23.0;28.0;28.0;26.0;31.0;28.0;36.0;27.0;22.0;29.0;33.0;28.0;35.0;22.0;26.0;25.0;35.0;26.0;30.0;26.0
De 35 a 39 años;22.0;38.0;45.0;24.0;32.0;41.0;42.0;30.0;31.0;33.0;43.0;38.0;32.0;38.0;44.0;47.0;32.0;46.0;42.0;41.0;41.0;36.0;36.0;35.0;34.0;52.0;39.0;44.0
De 40 a 44 años;45.0;46.0;66.0;55.0;52.0;75.0;70.0;82.0;61.0;64.0;57.0;71.0;53.0;56.0;63.0;59.0;54.0;62.0;63.0;60.0;43.0;61.0;62.0;51.0;60.0;47.0;45.0;60.0
De 45 a 49 años;104.0;98.0;84.0;98.0;116.0;93.0;89.0;91.0;97.0;85.0;105.0;108.0;110.0;81.0;73.0;82.0;78.0;85.0;78.0;90.0;93.0;68.0;80.0;76.0;87.0;81.0;79.0;76.0
De 50 a 54 años;173.0;156.0;136.0;181.0;146.0;191.0;160.0;155.0;171.0;166.0;158.0;152.0;147.0;130.0;149.0;131.0;121.0;131.0;120.0;135.0;124.0;122.0;118.0;140.0;141.0;158.0;167.0;172.0
De 55 a 59 años;267.0;274.0;239.0;240.0;258.0;240.0;258.0;271.0;253.0;244.0;269.0;226.0;230.0;226.0;237.0;213.0;230.0;207.0;204.0;223.0;258.0;237.0;275.0;316.0;330.0;315.0;331.0;358.0
De 60 a 64 años;380.0;335.0;392.0;383.0;396.0;384.0;401.0;400.0;379.0;425.0;342.0;367.0;368.0;371.0;389.0;404.0;452.0;465.0;492.0;508.0;515.0;569.0;509.0;583.0;625.0;573.0;621.0;599.0
De 65 a 69 años;620.0;564.0;587.0;607.0;632.0;626.0;609.0;600.0;598.0;649.0;664.0;731.0;779.0;795.0;786.0;873.0;943.0;836.0;851.0;939.0;944.0;962.0;877.0;985.0;1027.0;1014.0;999.0;953.0
De 70 a 74 años;952.0;792.0;856.0;945.0;1038.0;1094.0;1135.0;1246.0;1155.0;1359.0;1316.0;1430.0;1337.0;1385.0;1323.0;1443.0;1452.0;1332.0;1435.0;1431.0;1435.0;1413.0;1308.0;1424.0;1413.0;1416.0;1544.0;1600.0
De 75 a 79 años;1606.0;1612.0;1775.0;1875.0;2016.0;1927.0;1996.0;1972.0;1952.0;2102.0;2058.0;2005.0;2076.0;1980.0;1948.0;2068.0;1865.0;1808.0;1769.0;1825.0;1839.0;1866.0;1937.0;2050.0;2053.0;2140.0;2161.0;2217.0
De 80 a 84 años;2752.0;2644.0;2785.0;2743.0;2647.0;2575.0;2698.0;2748.0;2469.0;2621.0;2520.0;2509.0;2306.0;2238.0;2151.0;2271.0;2289.0;2235.0;2332.0;2285.0;2226.0;2292.0;2211.0;2471.0;2301.0;2166.0;2128.0;2013.0
De 85 a 89 años;2980.0;2785.0;2986.0;2953.0;2689.0;2672.0;2545.0;2429.0;2202.0;2394.0;2253.0;2388.0;2244.0;2125.0;2114.0;2187.0;2171.0;2009.0;1953.0;1953.0;1827.0;1747.0;1561.0;1500.0;1470.0;1415.0;1287.0;1128.0
De 90 a 94 años;2165.0;1944.0;1929.0;1805.0;1676.0;1683.0;1560.0;1519.0;1497.0;1580.0;1491.0;1493.0;1374.0;1320.0;1144.0;1183.0;1065.0;952.0;897.0;863.0;763.0;666.0;622.0;575.0;500.0;445.0;366.0;388.0
De 95 y más años;831.0;799.0;812.0;767.0;756.0;719.0;622.0;560.0;528.0;557.0;472.0;497.0;427.0;335.0;331.0;283.0;313.0;222.0;206.0;203.0;138.0;150.0;136.0;119.0;115.0;112.0;113.0;83.0
046-049  V.Trastornos mentales y del comportamiento;;;;;;;;;;;;;;;;;;;;;;;;;;;;
Menos de 1 año;0.0;0.0;0.0;0.0;0.0;0.0;0.0;0.0;0.0;0.0;0.0;0.0;0.0;0.0;0.0;0.0;0.0;0.0;0.0;0.0;0.0;0.0;0.0;0.0;0.0;0.0;0.0;0.0
De 1 a 4 años;0.0;0.0;1.0;0.0;0.0;0.0;0.0;0.0;1.0;0.0;0.0;1.0;0.0;0.0;0.0;0.0;0.0;0.0;0.0;0.0;0.0;0.0;0.0;1.0;1.0;1.0;0.0;0.0
De 5 a 9 años;0.0;0.0;1.0;0.0;0.0;0.0;0.0;0.0;0.0;0.0;0.0;0.0;0.0;0.0;0.0;2.0;0.0;1.0;1.0;1.0;0.0;0.0;0.0;1.0;3.0;1.0;3.0;3.0
De 10 a 14 años;1.0;1.0;0.0;4.0;0.0;0.0;3.0;0.0;1.0;1.0;0.0;1.0;2.0;0.0;0.0;0.0;2.0;0.0;0.0;0.0;1.0;1.0;1.0;3.0;5.0;1.0;4.0;1.0
De 15 a 19 años;1.0;0.0;3.0;1.0;4.0;0.0;2.0;2.0;0.0;1.0;3.0;3.0;6.0;4.0;1.0;1.0;2.0;6.0;4.0;1.0;2.0;8.0;9.0;13.0;4.0;16.0;9.0;9.0
De 20 a 24 años;2.0;2.0;4.0;1.0;3.0;6.0;8.0;7.0;5.0;6.0;12.0;19.0;15.0;7.0;6.0;9.0;6.0;8.0;20.0;19.0;12.0;12.0;8.0;12.0;23.0;16.0;22.0;14.0
De 25 a 29 años;5.0;3.0;8.0;3.0;7.0;7.0;6.0;6.0;20.0;22.0;29.0;25.0;30.0;13.0;11.0;15.0;13.0;19.0;31.0;22.0;22.0;28.0;30.0;37.0;32.0;36.0;29.0;23.0
De 30 a 34 años;9.0;6.0;13.0;10.0;17.0;15.0;23.0;11.0;21.0;41.0;40.0;61.0;51.0;20.0;15.0;22.0;25.0;22.0;32.0;31.0;33.0;23.0;44.0;42.0;32.0;36.0;26.0;25.0
De 35 a 39 años;10.0;14.0;20.0;13.0;25.0;22.0;32.0;25.0;38.0;55.0;68.0;63.0;53.0;35.0;29.0;32.0;30.0;33.0;35.0;33.0;32.0;42.0;35.0;40.0;27.0;24.0;25.0;22.0
De 40 a 44 años;22.0;28.0;41.0;29.0;43.0;46.0;45.0;36.0;49.0;59.0;77.0;68.0;52.0;50.0;39.0;52.0;40.0;33.0;32.0;39.0;39.0;37.0;31.0;35.0;38.0;25.0;39.0;33.0
De 45 a 49 años;42.0;44.0;61.0;52.0;56.0;53.0;58.0;48.0;48.0;56.0;67.0;55.0;51.0;51.0;47.0;63.0;41.0;48.0;40.0;41.0;51.0;42.0;38.0;45.0;44.0;36.0;43.0;49.0
De 50 a 54 años;60.0;66.0;64.0;79.0;72.0;56.0;59.0;66.0;70.0;73.0;56.0;71.0;55.0;56.0;39.0;48.0;50.0;52.0;46.0;53.0;57.0;52.0;37.0;66.0;50.0;56.0;57.0;47.0
De 55 a 59 años;77.0;79.0;82.0;84.0;86.0;106.0;72.0;65.0;71.0;81.0;77.0;83.0;64.0;75.0;64.0;73.0;55.0;63.0;65.0;62.0;73.0;56.0;84.0;73.0;90.0;93.0;69.0;66.0
De 60 a 64 años;147.0;125.0;150.0;121.0;137.0;130.0;116.0;109.0;96.0;83.0;90.0;103.0;90.0;114.0;96.0;115.0;130.0;126.0;118.0;121.0;121.0;117.0;105.0;100.0;103.0;90.0;109.0;87.0
De 65 a 69 años;269.0;235.0;238.0;208.0;184.0;183.0;187.0;161.0;197.0;180.0;206.0;208.0;186.0;212.0;191.0;247.0;284.0;242.0;254.0;242.0;236.0;218.0;226.0;247.0;217.0;166.0;146.0;126.0
De 70 a 74 años;479.0;428.0;425.0;432.0;431.0;518.0;482.0;443.0;442.0;517.0;476.0;564.0;483.0;511.0;560.0;592.0;667.0;562.0;628.0;558.0;574.0;463.0;478.0;454.0;404.0;349.0;269.0;296.0
De 75 a 79 años;1270.0;1193.0;1334.0;1221.0;1266.0;1265.0;1233.0;1232.0;1239.0;1251.0;1186.0;1342.0;1260.0;1223.0;1269.0;1367.0;1419.0;1354.0;1234.0;1238.0;1132.0;1054.0;1030.0;1003.0;860.0;689.0;583.0;538.0
De 80 a 84 años;3204.0;2952.0;2987.0;2767.0;2906.0;2845.0;2572.0;2489.0;2507.0;2561.0;2419.0;2630.0;2363.0;2366.0;2313.0;2441.0;2504.0;2535.0;2364.0;2276.0;2171.0;1889.0;1727.0;1656.0;1392.0;1195.0;848.0;744.0
De 85 a 89 años;5502.0;4959.0;5021.0;4534.0;4275.0;4143.0;3561.0;3449.0;3268.0;3300.0;3183.0;3512.0;3140.0;3240.0;3245.0;3316.0;3490.0;3126.0;2981.0;2662.0;2247.0;2018.0;1782.0;1625.0;1307.0;994.0;743.0;587.0
De 90 a 94 años;5099.0;4520.0;4306.0;3650.0;3438.0;3366.0;3049.0;2794.0;2792.0;2952.0;2765.0;3026.0;2702.0;2431.0;2408.0;2279.0;2294.0;1964.0;1792.0;1562.0;1333.0;1123.0;897.0;806.0;635.0;440.0;373.0;284.0
De 95 y más años;2507.0;2322.0;2386.0;2067.0;1871.0;1695.0;1532.0;1367.0;1242.0;1300.0;1124.0;1237.0;1079.0;938.0;816.0;846.0;744.0;601.0;553.0;432.0;343.0;311.0;240.0;217.0;176.0;140.0;98.0;80.0
050-052  VI-VIII.Enfermedades del sistema nervioso y de los órganos de los sentidos;;;;;;;;;;;;;;;;;;;;;;;;;;;;
Menos de 1 año;38.0;45.0;49.0;47.0;55.0;66.0;77.0;50.0;49.0;59.0;51.0;67.0;65.0;41.0;57.0;48.0;58.0;34.0;65.0;56.0;61.0;71.0;54.0;73.0;60.0;73.0;100.0;84.0
De 1 a 4 años;38.0;35.0;38.0;32.0;34.0;54.0;44.0;42.0;45.0;50.0;40.0;58.0;38.0;46.0;29.0;52.0;38.0;46.0;42.0;37.0;47.0;45.0;41.0;58.0;59.0;58.0;58.0;54.0
De 5 a 9 años;19.0;30.0;25.0;29.0;14.0;26.0;22.0;29.0;32.0;19.0;24.0;24.0;31.0;18.0;23.0;24.0;30.0;32.0;26.0;30.0;33.0;36.0;31.0;28.0;39.0;43.0;44.0;56.0
De 10 a 14 años;27.0;24.0;23.0;45.0;23.0;30.0;31.0;28.0;38.0;41.0;29.0;43.0;48.0;36.0;38.0;49.0;48.0;48.0;45.0;54.0;41.0;49.0;46.0;68.0;74.0;61.0;53.0;63.0
De 15 a 19 años;40.0;36.0;40.0;54.0;39.0;51.0;48.0;60.0;47.0;72.0;44.0;68.0;61.0;59.0;62.0;75.0;72.0;73.0;82.0;71.0;74.0;86.0;85.0;98.0;83.0;81.0;70.0;79.0
De 20 a 24 años;45.0;27.0;41.0;52.0;44.0;40.0;55.0;67.0;48.0;61.0;54.0;65.0;68.0;72.0;66.0;80.0;65.0;63.0;74.0;68.0;65.0;47.0;88.0;78.0;64.0;87.0;93.0;65.0
De 25 a 29 años;39.0;48.0;44.0;42.0;58.0;55.0;56.0;52.0;58.0;69.0;57.0;69.0;48.0;55.0;69.0;64.0;66.0;51.0;60.0;62.0;66.0;90.0;56.0;87.0;68.0;60.0;63.0;63.0
De 30 a 34 años;58.0;62.0;74.0;67.0;65.0;66.0;79.0;65.0;63.0;81.0;67.0;87.0;70.0;75.0;67.0;80.0;68.0;89.0;81.0;61.0;72.0;74.0;67.0;79.0;72.0;59.0;42.0;63.0
De 35 a 39 años;80.0;86.0;92.0;83.0;93.0;87.0;105.0;94.0;87.0;90.0;83.0;106.0;80.0;83.0;84.0;77.0;66.0;81.0;93.0;75.0;76.0;85.0;68.0;81.0;73.0;64.0;56.0;62.0
De 40 a 44 años;132.0;131.0;143.0;107.0;133.0;117.0;143.0;132.0;132.0;134.0;117.0;113.0;126.0;97.0;102.0;87.0;78.0;88.0;89.0;101.0;86.0;84.0;84.0;85.0;73.0;69.0;78.0;79.0
De 45 a 49 años;175.0;169.0;212.0;167.0;161.0;176.0;173.0;162.0;153.0;158.0;152.0;148.0;151.0;133.0;118.0;138.0;116.0;117.0;105.0;115.0;116.0;113.0;122.0;87.0;104.0;94.0;89.0;92.0
De 50 a 54 años;251.0;232.0;211.0;243.0;208.0;212.0;215.0;206.0;197.0;194.0;190.0;176.0;190.0;186.0;168.0;177.0;157.0;151.0;138.0;156.0;126.0;130.0;127.0;131.0;120.0;125.0;166.0;119.0
De 55 a 59 años;367.0;320.0;330.0;298.0;280.0;276.0;280.0;279.0;285.0;271.0;278.0;296.0;238.0;241.0;222.0;244.0;212.0;186.0;205.0;212.0;204.0;238.0;212.0;237.0;253.0;219.0;242.0;214.0
De 60 a 64 años;498.0;494.0;458.0;457.0;429.0;434.0;425.0;425.0;382.0;376.0;381.0;322.0;317.0;328.0;327.0;407.0;337.0;357.0;346.0;339.0;368.0;350.0;345.0;391.0;305.0;339.0;299.0;303.0
De 65 a 69 años;806.0;806.0;735.0;723.0;675.0;657.0;597.0;609.0;586.0;619.0;609.0;690.0;678.0;698.0;662.0;693.0;581.0;548.0;571.0;556.0;562.0;540.0;519.0;559.0;485.0;451.0;435.0;403.0
De 70 a 74 años;1329.0;1091.0;1156.0;1175.0;1191.0;1250.0;1206.0;1263.0;1288.0;1287.0;1313.0;1437.0;1270.0;1241.0;1149.0;1230.0;956.0;934.0;852.0;866.0;826.0;704.0;662.0;654.0;600.0;571.0;531.0;524.0
De 75 a 79 años;2701.0;2662.0;2792.0;2741.0;2744.0;2816.0;2641.0;2645.0;2535.0;2567.0;2410.0;2621.0;2174.0;2207.0;1915.0;1915.0;1593.0;1255.0;1162.0;1070.0;1036.0;887.0;833.0;788.0;771.0;684.0;676.0;665.0
De 80 a 84 años;5285.0;4875.0;5074.0;4792.0;4568.0;4512.0;4232.0;4126.0;3944.0;3911.0;3380.0;3433.0;2833.0;2520.0;2233.0;2067.0;1548.0;1336.0;1249.0;1175.0;1062.0;948.0;779.0;805.0;737.0;659.0;634.0;504.0
De 85 a 89 años;6373.0;5780.0;5995.0;5274.0;4960.0;4734.0;4208.0;3740.0;3425.0;3404.0;2901.0;2965.0;2508.0;2159.0;1967.0;1827.0;1222.0;1051.0;925.0;821.0;734.0;581.0;508.0;456.0;444.0;395.0;339.0;288.0
De 90 a 94 años;3967.0;3500.0;3442.0;2898.0;2577.0;2322.0;2189.0;2031.0;1803.0;1735.0;1530.0;1569.0;1222.0;1078.0;902.0;773.0;517.0;402.0;348.0;295.0;237.0;185.0;164.0;142.0;139.0;111.0;104.0;73.0
De 95 y más años;1126.0;1033.0;1115.0;928.0;934.0;799.0;670.0;618.0;524.0;499.0;413.0;456.0;296.0;304.0;216.0;196.0;99.0;85.0;73.0;50.0;41.0;45.0;32.0;42.0;25.0;23.0;38.0;17.0
053-061 IX.Enfermedades del sistema circulatorio;;;;;;;;;;;;;;;;;;;;;;;;;;;;
Menos de 1 año;17.0;10.0;21.0;12.0;19.0;15.0;13.0;25.0;16.0;19.0;17.0;21.0;16.0;10.0;11.0;15.0;30.0;18.0;35.0;29.0;33.0;50.0;68.0;70.0;72.0;134.0;183.0;146.0
De 1 a 4 años;12.0;8.0;10.0;11.0;21.0;17.0;18.0;10.0;14.0;10.0;15.0;14.0;15.0;14.0;14.0;18.0;23.0;14.0;22.0;18.0;13.0;30.0;26.0;36.0;52.0;35.0;47.0;33.0
De 5 a 9 años;10.0;9.0;10.0;14.0;9.0;6.0;19.0;8.0;9.0;9.0;7.0;6.0;13.0;12.0;8.0;7.0;12.0;11.0;19.0;18.0;21.0;19.0;20.0;25.0;34.0;30.0;30.0;32.0
De 10 a 14 años;13.0;9.0;12.0;12.0;9.0;14.0;22.0;18.0;18.0;10.0;21.0;22.0;26.0;21.0;21.0;35.0;24.0;34.0;29.0;27.0;26.0;45.0;36.0;58.0;59.0;44.0;50.0;54.0
De 15 a 19 años;25.0;23.0;27.0;27.0;39.0;38.0;46.0;38.0;39.0;40.0;48.0;41.0;47.0;41.0;40.0;59.0;67.0;55.0;67.0;79.0;54.0;79.0;98.0;109.0;100.0;101.0;119.0;140.0
De 20 a 24 años;55.0;39.0;45.0;58.0;60.0;69.0;71.0;76.0;58.0;76.0;80.0;78.0;91.0;90.0;99.0;100.0;96.0;95.0;121.0;101.0;126.0;135.0;157.0;200.0;194.0;189.0;209.0;222.0
De 25 a 29 años;55.0;88.0;95.0;85.0;108.0;130.0;117.0;131.0;138.0;145.0;143.0;140.0;144.0;135.0;148.0;152.0;151.0;177.0;192.0;213.0;231.0;266.0;284.0;307.0;249.0;262.0;263.0;254.0
De 30 a 34 años;154.0;170.0;168.0;217.0;194.0;217.0;249.0;245.0;193.0;261.0;243.0;254.0;274.0;271.0;261.0;304.0;321.0;303.0;315.0;330.0;371.0;369.0;376.0;413.0;343.0;351.0;360.0;356.0
De 35 a 39 años;292.0;344.0;330.0;362.0;355.0;402.0;423.0;445.0;502.0;465.0;473.0;467.0;523.0;500.0;483.0;471.0;524.0;509.0;515.0;515.0;543.0;481.0;507.0;526.0;504.0;523.0;519.0;566.0
De 40 a 44 años;685.0;621.0;657.0;655.0;707.0;776.0;802.0;842.0;871.0;806.0;808.0;863.0;838.0;783.0;863.0;872.0;805.0;831.0;845.0;804.0;804.0;837.0;823.0;903.0;837.0;865.0;858.0;904.0
De 45 a 49 años;1179.0;1227.0;1280.0;1209.0;1256.0;1258.0;1413.0;1299.0;1311.0;1378.0;1372.0;1267.0;1314.0;1267.0;1238.0;1295.0;1262.0;1293.0;1357.0;1335.0;1366.0;1316.0;1354.0;1375.0;1258.0;1270.0;1311.0;1285.0
De 50 a 54 años;1815.0;1828.0;1764.0;1831.0;1856.0;1828.0;1951.0;1926.0;1972.0;1868.0;1841.0;1893.0;1896.0;1904.0;1964.0;1932.0;2012.0;1949.0;1982.0;1918.0;1775.0;1844.0;1893.0;1959.0;2021.0;2130.0;2308.0;2554.0
De 55 a 59 años;2618.0;2553.0;2409.0;2446.0;2486.0;2493.0;2574.0;2633.0;2656.0;2795.0;2743.0;2848.0;2732.0;2776.0;2698.0;2748.0;2615.0;2637.0;2803.0;2921.0;3012.0;3349.0;3575.0;3766.0;3780.0;3917.0;4071.0;4120.0
De 60 a 64 años;3452.0;3446.0;3565.0;3393.0;3517.0;3767.0;3814.0;3962.0;3872.0;3860.0;3619.0;3812.0;3754.0;4038.0;4394.0;4647.0;4955.0;5244.0;5556.0;5571.0;5745.0;6008.0;6052.0;6205.0;6073.0;6251.0;6582.0;6605.0
De 65 a 69 años;4943.0;5078.0;5086.0;4904.0;4980.0;5067.0;5211.0;5379.0;5589.0;6161.0;6466.0;7147.0;7546.0;7718.0;8246.0;8750.0;8775.0;8815.0;8994.0;9069.0;9014.0;9523.0;9372.0;9927.0;9494.0;9733.0;9617.0;9328.0
De 70 a 74 años;7262.0;6838.0;7137.0;7594.0;8132.0;8830.0;9782.0;10703.0;10734.0;11739.0;11827.0;12642.0;12595.0;12963.0;13303.0;13943.0;13929.0;13757.0;14233.0;14032.0;13889.0;13986.0;13421.0;13535.0;13400.0;13346.0;14016.0;14430.0
De 75 a 79 años;12091.0;13365.0;14755.0;14947.0;15547.0;16294.0;17277.0;17663.0;17481.0;18748.0;18606.0;19535.0;19278.0;19089.0;19619.0;20251.0;20038.0;18909.0;18737.0;18374.0;18470.0;19465.0;19980.0;21098.0;21264.0;21830.0;22153.0;22348.0
De 80 a 84 años;22283.0;22988.0;24085.0;23673.0;23691.0;24415.0;24897.0;25486.0;25017.0;26513.0;25336.0;25689.0;24285.0;23498.0;23431.0;24735.0;24986.0;24783.0;25657.0;26023.0;26669.0;27502.0;27545.0;28858.0;28045.0;28094.0;27937.0;27473.0
De 85 a 89 años;28028.0;27881.0;29567.0;27889.0;27937.0;27390.0;26919.0;26282.0;24573.0;25308.0;24567.0;26310.0;25409.0;25324.0;25816.0;27519.0;27475.0;26823.0;26669.0;26254.0;25925.0;26346.0;25405.0;25620.0;24953.0;24399.0;23328.0;21614.0
De 90 a 94 años;22428.0;21245.0;21101.0;19293.0;18866.0;18132.0;18405.0;18586.0;17842.0;18825.0;18345.0;19232.0;18203.0;17432.0;17088.0;17652.0;17428.0;16502.0;16186.0;15883.0;15063.0;14554.0;13377.0;13255.0;12484.0;11525.0;11301.0;10533.0
De 95 y más años;9976.0;9714.0;9973.0;9695.0;9339.0;8899.0;8770.0;8369.0;7855.0;7871.0;7290.0;7502.0;6798.0;6503.0;5978.0;6269.0;6100.0;5579.0;5231.0;4921.0;4541.0;4275.0;4179.0;4194.0;4008.0;3643.0;3611.0;3285.0
062-067  X.Enfermedades del sistema respiratorio;;;;;;;;;;;;;;;;;;;;;;;;;;;;
Menos de 1 año;18.0;11.0;18.0;24.0;23.0;22.0;27.0;39.0;35.0;31.0;32.0;40.0;34.0;23.0;31.0;33.0;38.0;43.0;34.0;40.0;52.0;87.0;87.0;98.0;144.0;143.0;195.0;211.0
De 1 a 4 años;11.0;15.0;18.0;13.0;14.0;23.0;15.0;22.0;20.0;19.0;15.0;26.0;20.0;16.0;16.0;10.0;13.0;19.0;24.0;24.0;31.0;30.0;38.0;27.0;35.0;34.0;56.0;55.0
De 5 a 9 años;3.0;2.0;6.0;9.0;8.0;10.0;13.0;5.0;4.0;8.0;7.0;10.0;9.0;7.0;8.0;11.0;12.0;12.0;16.0;16.0;14.0;17.0;18.0;16.0;29.0;20.0;31.0;31.0
De 10 a 14 años;4.0;8.0;13.0;10.0;4.0;14.0;11.0;13.0;8.0;9.0;10.0;15.0;13.0;13.0;8.0;11.0;12.0;21.0;18.0;15.0;16.0;23.0;28.0;28.0;29.0;41.0;31.0;31.0
De 15 a 19 años;16.0;14.0;21.0;19.0;14.0;23.0;24.0;24.0;22.0;30.0;24.0;32.0;32.0;24.0;26.0;39.0;29.0;37.0;38.0;34.0;33.0;58.0;45.0;62.0;79.0;86.0;78.0;99.0
De 20 a 24 años;21.0;17.0;18.0;23.0;27.0;41.0;34.0;38.0;41.0;47.0;41.0;51.0;51.0;59.0;60.0;69.0;68.0;57.0;64.0;78.0;87.0;105.0;113.0;123.0;130.0;150.0;112.0;115.0
De 25 a 29 años;31.0;36.0;42.0;49.0;66.0;84.0;71.0;86.0;74.0;73.0;82.0;73.0;94.0;75.0;75.0;94.0;79.0;90.0;137.0;123.0;164.0;158.0;195.0;190.0;188.0;182.0;135.0;139.0
De 30 a 34 años;73.0;56.0;67.0;97.0;85.0;130.0;100.0;109.0;129.0;115.0;93.0;104.0;127.0;129.0;115.0;144.0;127.0;123.0;156.0;192.0;154.0;176.0;194.0;171.0;191.0;141.0;147.0;120.0
De 35 a 39 años;95.0;111.0;113.0;133.0;132.0;154.0;149.0;175.0;165.0;169.0;152.0;146.0;146.0;164.0;163.0;165.0;122.0;146.0;159.0;147.0;154.0;140.0;158.0;145.0;151.0;134.0;128.0;140.0
De 40 a 44 años;146.0;162.0;158.0;209.0;180.0;241.0;277.0;254.0;220.0;215.0;161.0;219.0;200.0;155.0;213.0;224.0;171.0;176.0;167.0;166.0;158.0;161.0;172.0;174.0;183.0;188.0;175.0;158.0
De 45 a 49 años;279.0;274.0;263.0;276.0;273.0;379.0;303.0;306.0;247.0;276.0;219.0;294.0;249.0;254.0;238.0;258.0;231.0;236.0;231.0;233.0;220.0;246.0;237.0;257.0;258.0;233.0;233.0;233.0
De 50 a 54 años;406.0;381.0;385.0;476.0;388.0;393.0;458.0;422.0;385.0;415.0;363.0;388.0;383.0;335.0;337.0;435.0;356.0;365.0;360.0;342.0;326.0;342.0;353.0;410.0;463.0;435.0;473.0;508.0
De 55 a 59 años;636.0;553.0;526.0;557.0;517.0;597.0;629.0;627.0;565.0;647.0;530.0;592.0;622.0;577.0;578.0;640.0;585.0;558.0;608.0;637.0;648.0;785.0;775.0;906.0;894.0;870.0;892.0;903.0
De 60 a 64 años;945.0;928.0;992.0;966.0;864.0;1008.0;1010.0;1068.0;902.0;1033.0;893.0;958.0;926.0;903.0;1087.0;1294.0;1265.0;1264.0;1341.0;1389.0;1287.0;1521.0;1484.0;1535.0;1602.0;1470.0;1467.0;1514.0
De 65 a 69 años;1627.0;1594.0;1607.0;1506.0;1454.0;1593.0;1540.0;1635.0;1567.0;1938.0;1759.0;2073.0;2252.0;2009.0;2439.0;2772.0;2497.0;2417.0;2481.0;2439.0;2326.0;2613.0;2404.0;2577.0;2832.0;2535.0;2356.0;2263.0
De 70 a 74 años;2619.0;2501.0;2714.0;2648.0;2747.0;3016.0;3401.0;3714.0;3375.0;4256.0;3638.0;4221.0;4170.0;3941.0;4240.0;4869.0;4398.0;4181.0;4251.0;4146.0;3857.0;3996.0;3699.0;3713.0;3917.0;3448.0;3435.0;3377.0
De 75 a 79 años;5007.0;5055.0;6047.0;5502.0;5561.0;6149.0;6347.0;6500.0;5933.0;7175.0;6104.0;6848.0;6827.0;6175.0;6969.0;7532.0;6539.0;5855.0;5806.0;5496.0;5039.0;5319.0;5039.0;5508.0;5818.0;5505.0;5327.0;5190.0
De 80 a 84 años;8885.0;8650.0;9843.0;8877.0;8449.0;9093.0;9378.0;9536.0;8475.0;10424.0;8568.0;9184.0;8342.0;7373.0;8047.0;8745.0;8083.0;7518.0;7499.0;7230.0;6756.0;7011.0;6709.0;7076.0;7274.0;6765.0;6395.0;5868.0
De 85 a 89 años;10751.0;10671.0;11739.0;10398.0;9632.0;10102.0;10079.0;9765.0;8365.0;9811.0;8077.0;9333.0;8690.0;7878.0;8597.0;9639.0;8308.0;7480.0;7346.0;7015.0;6343.0;6367.0;5647.0;6098.0;6173.0;5512.0;4890.0;4398.0
De 90 a 94 años;8530.0;7789.0;8599.0;6905.0;6543.0;6898.0;6906.0;6685.0;6237.0;7283.0;5993.0;6535.0;5921.0;5257.0;5729.0;6022.0;5003.0;4414.0;4200.0;3809.0;3486.0;3363.0;2977.0;2971.0;2910.0;2390.0;2267.0;1995.0
De 95 y más años;3738.0;3737.0;4147.0;3546.0;3285.0;3312.0;3428.0;3006.0;2741.0;3115.0;2388.0;2661.0;2319.0;1995.0;2007.0;2188.0;1811.0;1507.0;1378.0;1138.0;1079.0;1027.0;920.0;909.0;899.0;766.0;690.0;627.0
068-072  XI.Enfermedades del sistema digestivo;;;;;;;;;;;;;;;;;;;;;;;;;;;;
Menos de 1 año;3.0;3.0;8.0;8.0;6.0;5.0;6.0;8.0;6.0;6.0;5.0;5.0;6.0;6.0;8.0;4.0;12.0;8.0;10.0;15.0;9.0;14.0;23.0;22.0;31.0;48.0;53.0;57.0
De 1 a 4 años;6.0;5.0;10.0;5.0;5.0;7.0;6.0;11.0;12.0;8.0;6.0;6.0;7.0;5.0;4.0;8.0;6.0;5.0;2.0;5.0;12.0;10.0;11.0;12.0;11.0;12.0;13.0;15.0
De 5 a 9 años;3.0;1.0;3.0;2.0;4.0;2.0;7.0;2.0;3.0;3.0;0.0;0.0;2.0;2.0;7.0;3.0;4.0;4.0;4.0;2.0;6.0;4.0;7.0;4.0;9.0;12.0;8.0;7.0
De 10 a 14 años;5.0;2.0;3.0;5.0;8.0;3.0;4.0;5.0;2.0;3.0;2.0;3.0;4.0;6.0;1.0;4.0;4.0;2.0;3.0;8.0;10.0;8.0;7.0;7.0;12.0;6.0;14.0;5.0
De 15 a 19 años;3.0;2.0;5.0;3.0;8.0;8.0;11.0;10.0;10.0;7.0;9.0;17.0;9.0;10.0;13.0;8.0;10.0;15.0;11.0;14.0;9.0;17.0;13.0;15.0;14.0;13.0;28.0;29.0
De 20 a 24 años;10.0;11.0;7.0;10.0;8.0;7.0;18.0;18.0;13.0;6.0;16.0;17.0;12.0;12.0;12.0;20.0;23.0;19.0;27.0;26.0;22.0;25.0;45.0;34.0;37.0;53.0;62.0;54.0
De 25 a 29 años;19.0;19.0;20.0;15.0;19.0;19.0;23.0;44.0;34.0;27.0;31.0;40.0;31.0;43.0;37.0;36.0;43.0;58.0;74.0;89.0;106.0;85.0;88.0;115.0;104.0;100.0;111.0;123.0
De 30 a 34 años;37.0;31.0;50.0;60.0;51.0;62.0;58.0;64.0;64.0;72.0;86.0;95.0;113.0;96.0;115.0;112.0;128.0;190.0;203.0;186.0;207.0;209.0;215.0;197.0;225.0;217.0;169.0;188.0
De 35 a 39 años;72.0;91.0;93.0;134.0;133.0;138.0;164.0;161.0;184.0;195.0;228.0;243.0;267.0;264.0;240.0;259.0;280.0;257.0;275.0;257.0;282.0;250.0;283.0;278.0;295.0;292.0;285.0;296.0
De 40 a 44 años;187.0;234.0;289.0;314.0;333.0;370.0;373.0;410.0;403.0;428.0;388.0;453.0;428.0;392.0;387.0;392.0;379.0;354.0;396.0;404.0;384.0;384.0;422.0;458.0;424.0;467.0;442.0;469.0
De 45 a 49 años;483.0;552.0;528.0;605.0;613.0;609.0;646.0;650.0;619.0;600.0;592.0;570.0;546.0;532.0;521.0;520.0;466.0;558.0;546.0;539.0;586.0;592.0;631.0;583.0;631.0;628.0;597.0;587.0
De 50 a 54 años;758.0;806.0;793.0;779.0;797.0;810.0;768.0;787.0;737.0;726.0;723.0;774.0;725.0;704.0;725.0;692.0;689.0;673.0;701.0;661.0;715.0;699.0;751.0;860.0;895.0;937.0;1027.0;1029.0
De 55 a 59 años;864.0;892.0;914.0;929.0;873.0;911.0;879.0;929.0;916.0;892.0;891.0;930.0;845.0;856.0;823.0;845.0;777.0;802.0;881.0;989.0;1007.0;1109.0;1208.0;1374.0;1447.0;1524.0;1548.0;1519.0
De 60 a 64 años;977.0;1008.0;1067.0;1025.0;1020.0;1033.0;1103.0;1096.0;1052.0;1042.0;1012.0;1023.0;984.0;1059.0;1107.0;1175.0;1252.0;1368.0;1435.0;1510.0;1594.0;1639.0;1790.0;1807.0;1774.0;1884.0;1839.0;1965.0
De 65 a 69 años;1278.0;1288.0;1287.0;1243.0;1215.0;1266.0;1173.0;1253.0;1316.0;1345.0;1448.0;1493.0;1610.0;1688.0;1736.0;1808.0;1899.0;1833.0;1957.0;1962.0;1995.0;2109.0;2080.0;2151.0;2186.0;2167.0;2150.0;2093.0
De 70 a 74 años;1512.0;1411.0;1435.0;1560.0;1570.0;1765.0;1909.0;2043.0;2080.0;2255.0;2191.0;2292.0;2311.0;2260.0;2210.0;2336.0;2373.0;2350.0;2387.0;2336.0;2345.0;2357.0;2282.0;2256.0;2172.0;2196.0;2179.0;2349.0
De 75 a 79 años;2267.0;2290.0;2587.0;2679.0;2629.0;2791.0;2786.0;2755.0;2841.0;2915.0;2810.0;2917.0;2912.0;2765.0;2859.0;2853.0;2967.0;2632.0;2654.0;2466.0;2443.0;2537.0;2455.0;2545.0;2673.0;2648.0;2641.0;2564.0
De 80 a 84 años;3480.0;3590.0;3519.0;3407.0;3433.0;3522.0;3507.0;3551.0;3418.0;3567.0;3403.0;3299.0;3151.0;2823.0;2824.0;2906.0;2892.0;2881.0;2930.0;2828.0;2806.0;2806.0;2783.0;2828.0;2800.0;2667.0;2547.0;2499.0
De 85 a 89 años;3793.0;3739.0;3839.0;3720.0;3476.0;3455.0;3266.0;3137.0;2954.0;2970.0;2901.0;2881.0;2668.0;2700.0;2708.0;2914.0;2746.0;2630.0;2585.0;2504.0;2345.0;2241.0;2088.0;2150.0;2056.0;1901.0;1783.0;1655.0
De 90 a 94 años;2626.0;2506.0;2415.0;2103.0;2034.0;1953.0;1957.0;1970.0;1971.0;1852.0;1927.0;1884.0;1683.0;1619.0;1560.0;1561.0;1528.0;1427.0;1390.0;1224.0;1192.0;1050.0;1004.0;909.0;843.0;690.0;715.0;637.0
De 95 y más años;1002.0;897.0;925.0;970.0;862.0;821.0;812.0;746.0;716.0;705.0;688.0;634.0;633.0;565.0;522.0;516.0;444.0;410.0;390.0;327.0;317.0;243.0;266.0;238.0;215.0;190.0;161.0;161.0
073  XII.Enfermedades de la piel y del tejido subcutáneo;;;;;;;;;;;;;;;;;;;;;;;;;;;;
Menos de 1 año;1.0;0.0;0.0;0.0;0.0;0.0;0.0;0.0;0.0;0.0;0.0;0.0;0.0;0.0;0.0;0.0;0.0;0.0;1.0;0.0;0.0;0.0;0.0;0.0;1.0;0.0;1.0;0.0
De 1 a 4 años;0.0;0.0;0.0;0.0;1.0;1.0;0.0;0.0;0.0;0.0;0.0;0.0;0.0;0.0;1.0;0.0;1.0;0.0;1.0;0.0;1.0;0.0;1.0;0.0;0.0;1.0;0.0;2.0
De 5 a 9 años;1.0;0.0;0.0;0.0;0.0;0.0;0.0;0.0;0.0;0.0;0.0;0.0;0.0;0.0;0.0;0.0;0.0;0.0;0.0;0.0;0.0;0.0;0.0;1.0;0.0;0.0;1.0;0.0
De 10 a 14 años;0.0;0.0;0.0;1.0;1.0;0.0;0.0;0.0;0.0;0.0;1.0;0.0;0.0;0.0;0.0;0.0;0.0;0.0;0.0;0.0;0.0;0.0;1.0;1.0;1.0;1.0;0.0;1.0
De 15 a 19 años;0.0;0.0;0.0;0.0;0.0;1.0;0.0;1.0;0.0;0.0;1.0;0.0;0.0;1.0;0.0;0.0;0.0;1.0;0.0;3.0;1.0;3.0;4.0;1.0;3.0;1.0;3.0;2.0
De 20 a 24 años;0.0;0.0;0.0;0.0;3.0;1.0;0.0;1.0;0.0;0.0;0.0;0.0;0.0;0.0;0.0;0.0;2.0;0.0;0.0;1.0;1.0;4.0;2.0;2.0;3.0;1.0;2.0;0.0
De 25 a 29 años;0.0;0.0;0.0;0.0;0.0;1.0;2.0;2.0;1.0;1.0;0.0;2.0;1.0;1.0;0.0;1.0;1.0;1.0;1.0;2.0;5.0;4.0;3.0;3.0;2.0;2.0;1.0;2.0
De 30 a 34 años;3.0;0.0;2.0;5.0;2.0;0.0;0.0;2.0;0.0;1.0;2.0;0.0;2.0;1.0;1.0;2.0;0.0;2.0;2.0;1.0;1.0;4.0;2.0;6.0;4.0;4.0;2.0;1.0
De 35 a 39 años;1.0;1.0;1.0;1.0;1.0;3.0;2.0;1.0;3.0;3.0;4.0;4.0;3.0;3.0;1.0;3.0;1.0;2.0;1.0;1.0;3.0;1.0;2.0;2.0;3.0;2.0;2.0;5.0
De 40 a 44 años;7.0;1.0;7.0;7.0;1.0;2.0;4.0;3.0;5.0;1.0;3.0;1.0;6.0;7.0;5.0;3.0;1.0;3.0;4.0;6.0;2.0;3.0;3.0;3.0;2.0;3.0;3.0;1.0
De 45 a 49 años;3.0;3.0;4.0;4.0;4.0;6.0;7.0;8.0;5.0;15.0;6.0;3.0;2.0;9.0;5.0;8.0;6.0;4.0;3.0;3.0;5.0;9.0;3.0;3.0;3.0;4.0;3.0;5.0
De 50 a 54 años;8.0;6.0;8.0;8.0;10.0;14.0;8.0;4.0;3.0;5.0;9.0;9.0;2.0;11.0;9.0;2.0;4.0;3.0;8.0;4.0;5.0;4.0;5.0;2.0;4.0;5.0;8.0;3.0
De 55 a 59 años;12.0;8.0;12.0;10.0;13.0;10.0;9.0;9.0;10.0;11.0;12.0;5.0;5.0;11.0;13.0;4.0;10.0;4.0;7.0;5.0;5.0;11.0;7.0;6.0;5.0;6.0;9.0;3.0
De 60 a 64 años;13.0;13.0;15.0;20.0;16.0;18.0;6.0;19.0;17.0;13.0;14.0;16.0;19.0;8.0;10.0;18.0;11.0;16.0;15.0;12.0;15.0;7.0;15.0;8.0;16.0;17.0;15.0;17.0
De 65 a 69 años;39.0;38.0;35.0;27.0;22.0;29.0;26.0;31.0;18.0;28.0;25.0;27.0;23.0;33.0;34.0;34.0;30.0;25.0;18.0;23.0;16.0;19.0;20.0;19.0;21.0;28.0;19.0;13.0
De 70 a 74 años;67.0;55.0;65.0;58.0;50.0;64.0;78.0;90.0;60.0;55.0;53.0;57.0;61.0;75.0;68.0;68.0;66.0;56.0;55.0;43.0;34.0;33.0;34.0;28.0;39.0;46.0;45.0;37.0
De 75 a 79 años;118.0;133.0;137.0;154.0;134.0;147.0;136.0;164.0;149.0;149.0;120.0;124.0;131.0;104.0;120.0;126.0;113.0;95.0;70.0;70.0;78.0;69.0;50.0;59.0;71.0;81.0;75.0;67.0
De 80 a 84 años;240.0;248.0;261.0;238.0;249.0;251.0;288.0;259.0;244.0;230.0;225.0;208.0;207.0;177.0;194.0;185.0;176.0;163.0;153.0;124.0;113.0;108.0;111.0;105.0;111.0;106.0;94.0;100.0
De 85 a 89 años;343.0;351.0;330.0;280.0;318.0;319.0;300.0;251.0;256.0;258.0;241.0;248.0;255.0;253.0;240.0;221.0;223.0;183.0;185.0;132.0;117.0;144.0;133.0;102.0;135.0;99.0;105.0;79.0
De 90 a 94 años;319.0;283.0;284.0;231.0;190.0;210.0;216.0;222.0;191.0;244.0;187.0;211.0;210.0;216.0;166.0;162.0;186.0;130.0;109.0;111.0;77.0;88.0;68.0;68.0;75.0;53.0;50.0;41.0
De 95 y más años;143.0;150.0;145.0;125.0;129.0;120.0;129.0;119.0;121.0;93.0;91.0;105.0;85.0;73.0;77.0;73.0;72.0;70.0;45.0;45.0;34.0;34.0;15.0;35.0;29.0;16.0;24.0;23.0
074-076  XIII.Enfermedades del sistema osteomuscular y del tejido conjuntivo;;;;;;;;;;;;;;;;;;;;;;;;;;;;
Menos de 1 año;0.0;1.0;0.0;1.0;0.0;0.0;0.0;0.0;0.0;0.0;1.0;0.0;0.0;0.0;0.0;0.0;0.0;0.0;0.0;0.0;0.0;1.0;0.0;0.0;0.0;1.0;0.0;1.0
De 1 a 4 años;0.0;0.0;0.0;1.0;1.0;0.0;0.0;0.0;0.0;1.0;2.0;0.0;0.0;0.0;0.0;1.0;0.0;0.0;1.0;0.0;0.0;1.0;1.0;1.0;0.0;5.0;1.0;0.0
De 5 a 9 años;0.0;1.0;0.0;0.0;1.0;1.0;4.0;1.0;1.0;1.0;0.0;0.0;0.0;1.0;0.0;0.0;1.0;0.0;0.0;2.0;0.0;0.0;1.0;1.0;2.0;2.0;0.0;2.0
De 10 a 14 años;0.0;2.0;4.0;0.0;0.0;0.0;2.0;1.0;3.0;0.0;1.0;3.0;0.0;4.0;0.0;6.0;0.0;1.0;1.0;3.0;2.0;3.0;6.0;2.0;0.0;4.0;6.0;2.0
De 15 a 19 años;3.0;0.0;4.0;3.0;4.0;1.0;1.0;0.0;1.0;5.0;2.0;3.0;4.0;7.0;7.0;6.0;6.0;7.0;8.0;4.0;4.0;3.0;7.0;5.0;1.0;7.0;7.0;2.0
De 20 a 24 años;1.0;4.0;1.0;6.0;1.0;2.0;6.0;5.0;3.0;5.0;2.0;2.0;4.0;8.0;8.0;6.0;6.0;5.0;10.0;3.0;8.0;13.0;4.0;9.0;5.0;10.0;8.0;9.0
De 25 a 29 años;5.0;3.0;6.0;4.0;4.0;3.0;7.0;3.0;5.0;3.0;8.0;10.0;9.0;6.0;3.0;8.0;10.0;11.0;5.0;10.0;5.0;4.0;11.0;4.0;8.0;12.0;12.0;8.0
De 30 a 34 años;9.0;9.0;8.0;10.0;5.0;10.0;9.0;11.0;8.0;18.0;14.0;6.0;6.0;10.0;8.0;10.0;6.0;10.0;8.0;13.0;6.0;8.0;9.0;5.0;11.0;12.0;6.0;8.0
De 35 a 39 años;7.0;12.0;13.0;13.0;14.0;15.0;9.0;5.0;8.0;16.0;15.0;16.0;16.0;16.0;21.0;11.0;14.0;16.0;13.0;16.0;8.0;10.0;10.0;14.0;6.0;10.0;14.0;13.0
De 40 a 44 años;17.0;14.0;15.0;18.0;24.0;18.0;17.0;11.0;18.0;21.0;22.0;10.0;20.0;22.0;12.0;10.0;13.0;11.0;9.0;14.0;12.0;6.0;14.0;13.0;20.0;10.0;10.0;13.0
De 45 a 49 años;27.0;34.0;18.0;24.0;27.0;30.0;21.0;21.0;16.0;24.0;21.0;31.0;18.0;17.0;17.0;20.0;14.0;22.0;12.0;24.0;21.0;21.0;16.0;14.0;16.0;17.0;14.0;10.0
De 50 a 54 años;34.0;35.0;33.0;32.0;26.0;27.0;37.0;25.0;22.0;30.0;20.0;32.0;41.0;30.0;33.0;32.0;26.0;25.0;19.0;24.0;35.0;23.0;22.0;21.0;17.0;30.0;30.0;20.0
De 55 a 59 años;63.0;49.0;44.0;54.0;37.0;42.0;50.0;42.0;43.0;47.0;36.0;43.0;42.0;37.0;45.0;35.0;39.0;40.0;50.0;45.0;38.0;59.0;50.0;58.0;51.0;54.0;58.0;37.0
De 60 a 64 años;73.0;73.0;64.0;64.0;55.0;58.0;61.0;58.0;68.0;55.0;53.0;52.0;61.0;46.0;63.0;62.0;67.0;60.0;78.0;72.0;77.0;68.0;70.0;98.0;85.0;78.0;63.0;73.0
De 65 a 69 años;90.0;113.0;92.0;69.0;82.0;93.0;63.0;72.0;75.0;106.0;95.0;124.0;116.0;112.0;97.0;138.0;116.0;136.0;121.0;137.0;116.0;113.0;117.0;119.0;120.0;99.0;90.0;95.0
De 70 a 74 años;150.0;115.0;113.0;128.0;144.0;164.0;134.0;126.0;156.0;183.0;159.0;189.0;174.0;183.0;172.0;164.0;215.0;212.0;205.0;193.0;206.0;183.0;186.0;172.0;187.0;181.0;150.0;175.0
De 75 a 79 años;352.0;374.0;381.0;374.0;367.0;381.0;368.0;372.0;389.0;411.0;416.0;421.0;435.0;436.0;405.0;391.0;385.0;365.0;347.0;342.0;333.0;306.0;367.0;375.0;407.0;379.0;421.0;395.0
De 80 a 84 años;651.0;626.0;687.0;674.0;626.0;674.0;667.0;659.0;670.0;716.0;744.0;682.0;653.0;629.0;568.0;568.0;558.0;502.0;510.0;583.0;563.0;564.0;608.0;661.0;667.0;641.0;638.0;616.0
De 85 a 89 años;927.0;801.0;1034.0;878.0;871.0;868.0;897.0;890.0;810.0;856.0;827.0;857.0;843.0;824.0;792.0;843.0;758.0;730.0;725.0;708.0;742.0;731.0;751.0;772.0;698.0;674.0;664.0;610.0
De 90 a 94 años;875.0;744.0;818.0;682.0;682.0;724.0;709.0;683.0;708.0;744.0;761.0;736.0;734.0;652.0;644.0;646.0;567.0;569.0;536.0;551.0;471.0;497.0;451.0;452.0;405.0;374.0;379.0;341.0
De 95 y más años;395.0;351.0;431.0;352.0;356.0;350.0;342.0;399.0;359.0;354.0;347.0;341.0;321.0;312.0;263.0;251.0;229.0;206.0;235.0;210.0;153.0;149.0;192.0;177.0;141.0;133.0;140.0;110.0
077-080  XIV.Enfermedades del sistema genitourinario;;;;;;;;;;;;;;;;;;;;;;;;;;;;
Menos de 1 año;2.0;0.0;1.0;1.0;4.0;1.0;2.0;3.0;1.0;5.0;2.0;2.0;2.0;3.0;1.0;1.0;6.0;7.0;7.0;6.0;9.0;10.0;15.0;21.0;17.0;12.0;25.0;24.0
De 1 a 4 años;2.0;1.0;0.0;1.0;3.0;1.0;1.0;1.0;1.0;1.0;0.0;1.0;1.0;2.0;0.0;0.0;1.0;0.0;1.0;6.0;1.0;8.0;3.0;4.0;8.0;7.0;4.0;10.0
De 5 a 9 años;2.0;1.0;1.0;5.0;3.0;1.0;2.0;0.0;0.0;0.0;0.0;0.0;1.0;2.0;1.0;1.0;2.0;1.0;1.0;1.0;3.0;4.0;2.0;2.0;7.0;4.0;2.0;4.0
De 10 a 14 años;0.0;0.0;3.0;2.0;0.0;5.0;0.0;1.0;2.0;1.0;1.0;1.0;3.0;0.0;0.0;2.0;0.0;1.0;1.0;3.0;4.0;4.0;2.0;10.0;5.0;8.0;4.0;7.0
De 15 a 19 años;2.0;1.0;1.0;1.0;0.0;1.0;5.0;2.0;2.0;3.0;2.0;5.0;4.0;0.0;7.0;1.0;7.0;1.0;3.0;5.0;7.0;3.0;3.0;5.0;13.0;4.0;7.0;10.0
De 20 a 24 años;0.0;1.0;2.0;2.0;2.0;1.0;3.0;1.0;1.0;3.0;3.0;5.0;3.0;9.0;10.0;8.0;4.0;4.0;5.0;10.0;14.0;9.0;11.0;14.0;18.0;11.0;10.0;16.0
De 25 a 29 años;3.0;3.0;6.0;4.0;3.0;6.0;13.0;6.0;8.0;9.0;5.0;10.0;8.0;9.0;7.0;9.0;12.0;7.0;13.0;9.0;14.0;16.0;19.0;21.0;18.0;21.0;16.0;18.0
De 30 a 34 años;2.0;3.0;7.0;8.0;13.0;11.0;15.0;9.0;8.0;7.0;8.0;14.0;10.0;16.0;14.0;18.0;17.0;22.0;17.0;28.0;16.0;24.0;28.0;19.0;41.0;20.0;25.0;11.0
De 35 a 39 años;8.0;12.0;13.0;8.0;10.0;23.0;12.0;17.0;17.0;22.0;16.0;31.0;25.0;23.0;21.0;23.0;21.0;21.0;28.0;34.0;27.0;28.0;25.0;32.0;21.0;23.0;42.0;38.0
De 40 a 44 años;26.0;20.0;14.0;27.0;30.0;31.0;24.0;41.0;33.0;37.0;28.0;28.0;41.0;26.0;39.0;26.0;43.0;28.0;34.0;42.0;47.0;37.0;42.0;42.0;51.0;50.0;49.0;45.0
De 45 a 49 años;32.0;36.0;34.0;41.0;30.0;48.0;59.0;42.0;49.0;45.0;52.0;46.0;60.0;44.0;57.0;56.0;55.0;54.0;63.0;58.0;51.0;67.0;57.0;63.0;62.0;78.0;56.0;57.0
De 50 a 54 años;54.0;80.0;57.0;66.0;65.0;75.0;74.0;72.0;63.0;80.0;63.0;80.0;61.0;75.0;65.0;75.0;85.0;77.0;75.0;96.0;82.0;70.0;90.0;89.0;108.0;111.0;126.0;110.0
De 55 a 59 años;93.0;97.0;103.0;95.0;109.0;96.0;114.0;131.0;122.0;130.0;118.0;105.0;126.0;111.0;118.0;114.0;126.0;129.0;152.0;126.0;150.0;159.0;180.0;186.0;194.0;226.0;214.0;208.0
De 60 a 64 años;172.0;177.0;202.0;178.0;179.0;191.0;209.0;200.0;196.0;178.0;187.0;189.0;196.0;236.0;213.0;237.0;248.0;258.0;255.0;289.0;278.0;310.0;331.0;344.0;330.0;363.0;382.0;380.0
De 65 a 69 años;328.0;332.0;306.0;291.0;279.0;331.0;284.0;326.0;315.0;349.0;370.0;424.0;422.0;434.0;452.0;435.0;484.0;476.0;470.0;442.0;492.0;517.0;552.0;527.0;566.0;598.0;569.0;477.0
De 70 a 74 años;566.0;542.0;527.0;524.0;590.0;672.0;701.0;725.0;725.0;838.0;751.0;800.0;819.0;846.0;813.0;799.0;799.0;862.0;734.0;778.0;760.0;776.0;751.0;735.0;784.0;793.0;835.0;803.0
De 75 a 79 años;1112.0;1264.0;1327.0;1318.0;1324.0;1404.0;1422.0;1381.0;1317.0;1485.0;1306.0;1320.0;1321.0;1239.0;1263.0;1245.0;1171.0;1133.0;1012.0;1047.0;1013.0;1117.0;1162.0;1180.0;1196.0;1299.0;1254.0;1270.0
De 80 a 84 años;2313.0;2427.0;2594.0;2387.0;2299.0;2396.0;2396.0;2376.0;2174.0;2099.0;1885.0;1941.0;1732.0;1667.0;1616.0;1571.0;1610.0;1514.0;1483.0;1440.0;1592.0;1527.0;1638.0;1578.0;1672.0;1523.0;1630.0;1469.0
De 85 a 89 años;3145.0;3248.0;3203.0;3015.0;2806.0;2893.0;2674.0;2441.0;2187.0;2096.0;1915.0;2044.0;1819.0;1853.0;1699.0;1723.0;1697.0;1548.0;1596.0;1483.0;1383.0;1403.0;1339.0;1343.0;1345.0;1320.0;1182.0;1079.0
De 90 a 94 años;2582.0;2384.0;2397.0;2061.0;1844.0;1784.0;1780.0;1647.0;1610.0;1576.0;1302.0;1462.0;1270.0;1247.0;1113.0;1049.0;1067.0;956.0;846.0;782.0;766.0;733.0;701.0;631.0;572.0;564.0;513.0;481.0
De 95 y más años;1086.0;1060.0;1041.0;976.0;900.0;879.0;789.0;748.0;574.0;603.0;520.0;532.0;435.0;436.0;409.0;320.0;334.0;258.0;280.0;222.0;207.0;204.0;183.0;189.0;175.0;158.0;157.0;144.0
081  XV.Embarazo, parto y puerperio;;;;;;;;;;;;;;;;;;;;;;;;;;;;
Menos de 1 año;0.0;0.0;0.0;0.0;0.0;0.0;0.0;0.0;0.0;0.0;0.0;0.0;0.0;0.0;0.0;0.0;0.0;0.0;0.0;0.0;0.0;0.0;0.0;0.0;0.0;0.0;0.0;0.0
De 1 a 4 años;0.0;0.0;0.0;0.0;0.0;0.0;0.0;0.0;0.0;0.0;0.0;0.0;0.0;0.0;0.0;0.0;0.0;0.0;0.0;0.0;0.0;0.0;0.0;0.0;0.0;0.0;0.0;0.0
De 5 a 9 años;0.0;0.0;0.0;0.0;0.0;0.0;0.0;0.0;0.0;0.0;0.0;0.0;0.0;0.0;0.0;0.0;0.0;0.0;0.0;0.0;0.0;0.0;0.0;0.0;0.0;0.0;0.0;0.0
De 10 a 14 años;0.0;0.0;0.0;0.0;0.0;0.0;0.0;0.0;0.0;0.0;0.0;0.0;0.0;0.0;0.0;0.0;0.0;0.0;0.0;0.0;0.0;0.0;0.0;0.0;0.0;0.0;0.0;0.0
De 15 a 19 años;0.0;0.0;0.0;0.0;1.0;0.0;2.0;0.0;0.0;0.0;0.0;0.0;1.0;0.0;1.0;0.0;0.0;3.0;1.0;0.0;0.0;1.0;0.0;0.0;0.0;1.0;0.0;0.0
De 20 a 24 años;0.0;1.0;0.0;0.0;2.0;1.0;2.0;0.0;0.0;1.0;1.0;1.0;1.0;0.0;3.0;0.0;0.0;2.0;2.0;0.0;5.0;1.0;1.0;3.0;4.0;1.0;5.0;3.0
De 25 a 29 años;2.0;1.0;0.0;2.0;4.0;4.0;5.0;1.0;3.0;4.0;5.0;3.0;5.0;2.0;3.0;4.0;2.0;2.0;4.0;3.0;2.0;5.0;4.0;3.0;5.0;3.0;6.0;11.0
De 30 a 34 años;2.0;3.0;2.0;5.0;8.0;7.0;4.0;7.0;6.0;7.0;3.0;5.0;2.0;9.0;5.0;5.0;5.0;1.0;2.0;5.0;2.0;2.0;11.0;3.0;7.0;3.0;5.0;2.0
De 35 a 39 años;5.0;9.0;2.0;5.0;5.0;3.0;11.0;2.0;3.0;4.0;6.0;7.0;5.0;5.0;1.0;4.0;2.0;0.0;2.0;3.0;3.0;3.0;3.0;2.0;4.0;3.0;3.0;1.0
De 40 a 44 años;0.0;3.0;6.0;1.0;0.0;2.0;0.0;3.0;2.0;0.0;4.0;4.0;0.0;1.0;1.0;1.0;0.0;0.0;0.0;0.0;0.0;0.0;0.0;2.0;2.0;1.0;2.0;4.0
De 45 a 49 años;0.0;1.0;0.0;1.0;0.0;0.0;0.0;0.0;0.0;2.0;2.0;0.0;0.0;0.0;0.0;0.0;0.0;0.0;0.0;0.0;1.0;0.0;0.0;0.0;0.0;0.0;0.0;0.0
De 50 a 54 años;0.0;0.0;0.0;0.0;0.0;0.0;0.0;0.0;0.0;0.0;0.0;0.0;0.0;0.0;0.0;0.0;1.0;0.0;0.0;0.0;0.0;0.0;0.0;0.0;0.0;0.0;0.0;0.0
De 55 a 59 años;0.0;0.0;0.0;0.0;0.0;0.0;0.0;0.0;0.0;0.0;0.0;0.0;0.0;0.0;0.0;1.0;0.0;0.0;0.0;0.0;0.0;0.0;0.0;0.0;0.0;0.0;0.0;0.0
De 60 a 64 años;0.0;0.0;0.0;0.0;0.0;0.0;0.0;0.0;0.0;0.0;0.0;0.0;0.0;0.0;0.0;0.0;0.0;0.0;0.0;0.0;0.0;0.0;0.0;0.0;0.0;0.0;0.0;0.0
De 65 a 69 años;0.0;0.0;0.0;0.0;0.0;0.0;0.0;0.0;0.0;0.0;0.0;0.0;0.0;0.0;0.0;0.0;0.0;0.0;0.0;0.0;0.0;0.0;0.0;0.0;0.0;0.0;0.0;0.0
De 70 a 74 años;0.0;0.0;0.0;0.0;0.0;0.0;0.0;0.0;0.0;0.0;0.0;0.0;0.0;0.0;0.0;0.0;0.0;0.0;0.0;0.0;0.0;0.0;0.0;0.0;0.0;0.0;0.0;0.0
De 75 a 79 años;0.0;0.0;0.0;0.0;0.0;0.0;0.0;0.0;0.0;0.0;0.0;0.0;0.0;0.0;0.0;0.0;0.0;0.0;0.0;0.0;0.0;0.0;0.0;0.0;0.0;0.0;0.0;0.0
De 80 a 84 años;0.0;0.0;0.0;0.0;0.0;0.0;0.0;0.0;0.0;0.0;0.0;0.0;0.0;0.0;0.0;0.0;0.0;0.0;0.0;0.0;0.0;0.0;0.0;0.0;0.0;0.0;0.0;0.0
De 85 a 89 años;0.0;0.0;0.0;0.0;0.0;0.0;0.0;0.0;0.0;0.0;0.0;0.0;0.0;0.0;0.0;0.0;0.0;0.0;0.0;0.0;0.0;0.0;0.0;0.0;0.0;0.0;0.0;0.0
De 90 a 94 años;0.0;0.0;0.0;0.0;0.0;0.0;0.0;0.0;0.0;0.0;0.0;0.0;0.0;0.0;0.0;0.0;0.0;0.0;0.0;0.0;0.0;0.0;0.0;0.0;0.0;0.0;0.0;0.0
De 95 y más años;0.0;0.0;0.0;0.0;0.0;0.0;0.0;0.0;0.0;0.0;0.0;0.0;0.0;0.0;0.0;0.0;0.0;0.0;0.0;0.0;0.0;0.0;0.0;0.0;0.0;0.0;0.0;0.0
082  XVI.Afecciones originadas en el periodo perinatal;;;;;;;;;;;;;;;;;;;;;;;;;;;;
Menos de 1 año;747.0;693.0;802.0;812.0;807.0;879.0;917.0;945.0;892.0;909.0;971.0;860.0;893.0;870.0;831.0;766.0;759.0;779.0;841.0;847.0;904.0;1051.0;1201.0;1181.0;1354.0;1351.0;1304.0;1606.0
De 1 a 4 años;8.0;4.0;9.0;8.0;6.0;9.0;7.0;4.0;3.0;8.0;7.0;4.0;2.0;2.0;5.0;5.0;2.0;4.0;6.0;2.0;5.0;5.0;2.0;1.0;2.0;1.0;0.0;0.0
De 5 a 9 años;6.0;2.0;1.0;2.0;2.0;2.0;4.0;2.0;2.0;2.0;1.0;3.0;0.0;5.0;3.0;2.0;1.0;2.0;3.0;3.0;0.0;6.0;0.0;2.0;1.0;1.0;1.0;1.0
De 10 a 14 años;0.0;0.0;1.0;1.0;2.0;0.0;0.0;3.0;1.0;5.0;3.0;3.0;4.0;4.0;1.0;2.0;4.0;3.0;4.0;2.0;3.0;6.0;5.0;1.0;3.0;0.0;1.0;0.0
De 15 a 19 años;3.0;2.0;3.0;3.0;2.0;0.0;3.0;3.0;3.0;3.0;1.0;3.0;2.0;2.0;1.0;3.0;3.0;7.0;6.0;4.0;4.0;0.0;3.0;2.0;2.0;0.0;0.0;0.0
De 20 a 24 años;1.0;2.0;2.0;1.0;1.0;1.0;0.0;2.0;1.0;5.0;0.0;5.0;3.0;3.0;3.0;2.0;4.0;1.0;2.0;4.0;5.0;0.0;1.0;2.0;0.0;0.0;0.0;0.0
De 25 a 29 años;0.0;0.0;0.0;2.0;1.0;1.0;2.0;0.0;0.0;0.0;3.0;3.0;1.0;3.0;4.0;2.0;2.0;3.0;1.0;2.0;2.0;1.0;0.0;2.0;0.0;0.0;0.0;0.0
De 30 a 34 años;3.0;3.0;2.0;1.0;2.0;1.0;1.0;1.0;1.0;3.0;4.0;1.0;5.0;3.0;7.0;0.0;0.0;1.0;2.0;1.0;1.0;0.0;0.0;0.0;0.0;0.0;0.0;0.0
De 35 a 39 años;3.0;3.0;2.0;0.0;1.0;1.0;2.0;2.0;1.0;2.0;1.0;2.0;0.0;0.0;1.0;3.0;0.0;2.0;0.0;0.0;1.0;1.0;2.0;0.0;0.0;0.0;0.0;0.0
De 40 a 44 años;0.0;1.0;4.0;2.0;3.0;2.0;3.0;1.0;2.0;0.0;6.0;0.0;3.0;1.0;1.0;0.0;1.0;0.0;2.0;0.0;0.0;0.0;0.0;0.0;1.0;0.0;0.0;0.0
De 45 a 49 años;2.0;2.0;1.0;0.0;0.0;1.0;0.0;1.0;2.0;1.0;4.0;0.0;0.0;0.0;1.0;2.0;0.0;0.0;1.0;1.0;0.0;0.0;1.0;0.0;0.0;0.0;0.0;0.0
De 50 a 54 años;0.0;0.0;2.0;1.0;0.0;0.0;3.0;3.0;1.0;3.0;0.0;0.0;1.0;0.0;0.0;1.0;1.0;0.0;1.0;1.0;0.0;0.0;0.0;0.0;0.0;0.0;0.0;0.0
De 55 a 59 años;2.0;0.0;0.0;0.0;3.0;1.0;2.0;0.0;0.0;0.0;0.0;1.0;0.0;0.0;0.0;0.0;2.0;0.0;0.0;1.0;0.0;0.0;1.0;0.0;0.0;0.0;0.0;0.0
De 60 a 64 años;0.0;1.0;0.0;0.0;1.0;0.0;0.0;0.0;1.0;0.0;1.0;0.0;1.0;0.0;0.0;0.0;0.0;0.0;0.0;0.0;0.0;1.0;0.0;0.0;0.0;0.0;0.0;0.0
De 65 a 69 años;1.0;0.0;0.0;0.0;0.0;2.0;0.0;2.0;0.0;0.0;0.0;1.0;0.0;1.0;1.0;0.0;0.0;0.0;0.0;0.0;0.0;0.0;0.0;0.0;0.0;0.0;0.0;0.0
De 70 a 74 años;0.0;0.0;0.0;0.0;0.0;0.0;0.0;0.0;0.0;1.0;0.0;1.0;0.0;0.0;0.0;0.0;0.0;0.0;0.0;0.0;0.0;0.0;0.0;0.0;0.0;0.0;0.0;0.0
De 75 a 79 años;0.0;0.0;0.0;0.0;0.0;0.0;0.0;0.0;0.0;0.0;0.0;0.0;0.0;0.0;0.0;0.0;0.0;0.0;0.0;0.0;0.0;0.0;0.0;0.0;0.0;0.0;0.0;0.0
De 80 a 84 años;1.0;0.0;0.0;0.0;0.0;0.0;0.0;0.0;1.0;0.0;0.0;0.0;0.0;0.0;0.0;0.0;0.0;0.0;0.0;0.0;0.0;0.0;0.0;0.0;0.0;0.0;0.0;0.0
De 85 a 89 años;1.0;0.0;0.0;0.0;0.0;0.0;0.0;0.0;0.0;0.0;0.0;0.0;0.0;0.0;0.0;0.0;0.0;0.0;0.0;0.0;0.0;0.0;0.0;0.0;0.0;0.0;0.0;0.0
De 90 a 94 años;0.0;0.0;0.0;0.0;0.0;0.0;0.0;0.0;0.0;0.0;0.0;0.0;0.0;0.0;0.0;0.0;0.0;0.0;0.0;0.0;0.0;0.0;0.0;0.0;0.0;0.0;0.0;0.0
De 95 y más años;0.0;0.0;0.0;0.0;0.0;0.0;0.0;0.0;0.0;0.0;0.0;0.0;0.0;0.0;0.0;0.0;0.0;0.0;0.0;0.0;0.0;0.0;0.0;0.0;0.0;0.0;0.0;0.0
083-085  XVII.Malformaciones congénitas, deformidades y anomalías cromosómicas;;;;;;;;;;;;;;;;;;;;;;;;;;;;
Menos de 1 año;265.0;274.0;312.0;423.0;434.0;383.0;466.0;431.0;468.0;492.0;488.0;519.0;518.0;496.0;575.0;607.0;626.0;673.0;717.0;720.0;806.0;871.0;923.0;893.0;902.0;909.0;986.0;1075.0
De 1 a 4 años;30.0;34.0;46.0;59.0;53.0;65.0;50.0;44.0;64.0;60.0;73.0;69.0;75.0;61.0;61.0;70.0;86.0;90.0;103.0;91.0;100.0;122.0;125.0;129.0;139.0;146.0;137.0;118.0
De 5 a 9 años;13.0;18.0;23.0;14.0;19.0;18.0;25.0;13.0;30.0;20.0;21.0;21.0;26.0;27.0;32.0;20.0;32.0;37.0;27.0;31.0;47.0;40.0;42.0;44.0;52.0;48.0;52.0;46.0
De 10 a 14 años;18.0;11.0;13.0;19.0;20.0;10.0;17.0;17.0;16.0;16.0;22.0;21.0;27.0;21.0;20.0;24.0;21.0;29.0;34.0;43.0;33.0;40.0;35.0;31.0;38.0;29.0;51.0;27.0
De 15 a 19 años;9.0;12.0;26.0;15.0;17.0;18.0;20.0;24.0;21.0;23.0;14.0;28.0;25.0;22.0;34.0;39.0;32.0;42.0;35.0;41.0;43.0;28.0;38.0;41.0;35.0;39.0;32.0;32.0
De 20 a 24 años;20.0;15.0;16.0;14.0;20.0;26.0;11.0;18.0;24.0;20.0;21.0;34.0;26.0;27.0;34.0;34.0;25.0;33.0;27.0;28.0;26.0;18.0;35.0;37.0;28.0;19.0;24.0;21.0
De 25 a 29 años;26.0;16.0;12.0;21.0;17.0;35.0;22.0;18.0;21.0;20.0;29.0;25.0;25.0;28.0;24.0;31.0;36.0;27.0;23.0;23.0;41.0;29.0;25.0;23.0;21.0;20.0;15.0;24.0
De 30 a 34 años;15.0;17.0;25.0;29.0;29.0;26.0;27.0;29.0;29.0;24.0;21.0;37.0;29.0;31.0;28.0;19.0;27.0;27.0;22.0;16.0;12.0;20.0;26.0;22.0;19.0;19.0;20.0;15.0
De 35 a 39 años;26.0;20.0;22.0;25.0;21.0;27.0;28.0;25.0;36.0;26.0;30.0;22.0;25.0;29.0;33.0;38.0;25.0;28.0;24.0;25.0;16.0;28.0;16.0;15.0;12.0;18.0;15.0;18.0
De 40 a 44 años;27.0;30.0;23.0;29.0;32.0;22.0;23.0;27.0;28.0;24.0;27.0;33.0;24.0;18.0;36.0;33.0;23.0;19.0;23.0;19.0;19.0;28.0;23.0;24.0;10.0;13.0;12.0;17.0
De 45 a 49 años;35.0;37.0;27.0;29.0;41.0;39.0;35.0;39.0;23.0;32.0;24.0;32.0;29.0;29.0;22.0;32.0;26.0;25.0;21.0;18.0;25.0;18.0;22.0;20.0;10.0;11.0;9.0;4.0
De 50 a 54 años;59.0;44.0;43.0;37.0;40.0;41.0;40.0;42.0;29.0;38.0;42.0;27.0;28.0;25.0;28.0;19.0;30.0;19.0;24.0;22.0;19.0;19.0;14.0;18.0;24.0;12.0;10.0;13.0
De 55 a 59 años;48.0;51.0;48.0;39.0;37.0;47.0;32.0;42.0;38.0;47.0;49.0;33.0;14.0;32.0;23.0;28.0;16.0;17.0;22.0;13.0;28.0;16.0;30.0;15.0;14.0;11.0;17.0;14.0
De 60 a 64 años;66.0;44.0;43.0;52.0;37.0;34.0;23.0;35.0;24.0;28.0;31.0;28.0;17.0;14.0;28.0;25.0;22.0;20.0;19.0;22.0;16.0;18.0;27.0;17.0;22.0;15.0;26.0;12.0
De 65 a 69 años;41.0;27.0;31.0;19.0;31.0;19.0;17.0;12.0;11.0;13.0;20.0;18.0;22.0;19.0;32.0;29.0;21.0;27.0;21.0;18.0;19.0;29.0;14.0;26.0;12.0;12.0;21.0;16.0
De 70 a 74 años;29.0;24.0;27.0;19.0;25.0;20.0;23.0;16.0;19.0;23.0;32.0;19.0;19.0;23.0;20.0;33.0;20.0;21.0;21.0;14.0;14.0;21.0;18.0;14.0;13.0;14.0;22.0;24.0
De 75 a 79 años;27.0;25.0;27.0;25.0;32.0;22.0;27.0;19.0;20.0;25.0;23.0;28.0;26.0;21.0;40.0;28.0;26.0;22.0;25.0;15.0;16.0;18.0;20.0;26.0;10.0;22.0;26.0;19.0
De 80 a 84 años;36.0;32.0;17.0;24.0;31.0;19.0;19.0;21.0;18.0;21.0;21.0;19.0;20.0;17.0;17.0;22.0;22.0;17.0;16.0;11.0;10.0;17.0;17.0;12.0;7.0;9.0;23.0;15.0
De 85 a 89 años;23.0;18.0;29.0;16.0;23.0;15.0;12.0;13.0;12.0;6.0;10.0;10.0;8.0;11.0;19.0;5.0;17.0;15.0;7.0;4.0;5.0;5.0;5.0;14.0;6.0;11.0;10.0;6.0
De 90 a 94 años;12.0;4.0;9.0;7.0;8.0;3.0;6.0;5.0;1.0;4.0;3.0;5.0;1.0;3.0;5.0;6.0;2.0;2.0;6.0;1.0;2.0;1.0;1.0;2.0;4.0;3.0;2.0;4.0
De 95 y más años;3.0;5.0;4.0;5.0;4.0;0.0;1.0;0.0;2.0;0.0;1.0;1.0;3.0;1.0;1.0;0.0;1.0;1.0;0.0;0.0;0.0;0.0;0.0;1.0;4.0;2.0;3.0;3.0
086-089  XVIII.Síntomas, signos y hallazgos anormales clínicos y de laboratorio, no clasificados en otra parte (2);;;;;;;;;;;;;;;;;;;;;;;;;;;;
Menos de 1 año;68.0;57.0;91.0;92.0;92.0;106.0;100.0;92.0;104.0;106.0;109.0;96.0;102.0;101.0;110.0;101.0;109.0;154.0;154.0;111.0;174.0;200.0;188.0;235.0;197.0;192.0;213.0;236.0
De 1 a 4 años;19.0;22.0;22.0;40.0;22.0;31.0;22.0;24.0;19.0;17.0;18.0;24.0;19.0;23.0;28.0;18.0;16.0;19.0;29.0;27.0;28.0;28.0;24.0;31.0;31.0;40.0;42.0;38.0
De 5 a 9 años;8.0;9.0;5.0;7.0;7.0;5.0;5.0;3.0;3.0;4.0;5.0;8.0;5.0;5.0;8.0;15.0;7.0;10.0;13.0;5.0;8.0;7.0;6.0;14.0;15.0;18.0;11.0;18.0
De 10 a 14 años;4.0;3.0;8.0;14.0;16.0;13.0;5.0;3.0;5.0;7.0;8.0;6.0;7.0;12.0;9.0;3.0;8.0;7.0;8.0;9.0;21.0;11.0;10.0;13.0;29.0;23.0;21.0;22.0
De 15 a 19 años;9.0;13.0;32.0;20.0;27.0;34.0;24.0;29.0;24.0;25.0;26.0;31.0;26.0;36.0;27.0;35.0;24.0;26.0;31.0;29.0;22.0;50.0;51.0;53.0;46.0;55.0;64.0;65.0
De 20 a 24 años;27.0;29.0;67.0;55.0;60.0;54.0;56.0;53.0;49.0;53.0;68.0;53.0;59.0;66.0;63.0;54.0;69.0;50.0;62.0;59.0;70.0;87.0;98.0;133.0;115.0;90.0;130.0;128.0
De 25 a 29 años;40.0;29.0;63.0;81.0;107.0;90.0;78.0;83.0;78.0;78.0;78.0;87.0;90.0;87.0;82.0;87.0;65.0;71.0;95.0;108.0;89.0;129.0;171.0;175.0;150.0;129.0;134.0;128.0
De 30 a 34 años;54.0;69.0;123.0;131.0;147.0;123.0;134.0;130.0;122.0;105.0;119.0;136.0;140.0;147.0;122.0;150.0;101.0;114.0;135.0;113.0;90.0;128.0;147.0;130.0;139.0;98.0;116.0;100.0
De 35 a 39 años;81.0;147.0;187.0;187.0;220.0;199.0;168.0;222.0;174.0;176.0;155.0;196.0;154.0;165.0;157.0;143.0;103.0;110.0;125.0;120.0;76.0;101.0;94.0;90.0;93.0;100.0;93.0;101.0
De 40 a 44 años;136.0;175.0;255.0;339.0;340.0;265.0;265.0;246.0;226.0;209.0;189.0;198.0;169.0;178.0;171.0;130.0;106.0;100.0;112.0;113.0;97.0;109.0;97.0;115.0;130.0;115.0;135.0;126.0
De 45 a 49 años;229.0;277.0;347.0;384.0;440.0;347.0;306.0;326.0;287.0;262.0;211.0;227.0;210.0;199.0;167.0;172.0;125.0;147.0;123.0;125.0;133.0;127.0;112.0;121.0;122.0;140.0;159.0;151.0
De 50 a 54 años;297.0;342.0;360.0;459.0;467.0;380.0;293.0;281.0;273.0;250.0;238.0;218.0;204.0;218.0;188.0;168.0;141.0;143.0;179.0;100.0;149.0;128.0;145.0;152.0;169.0;189.0;218.0;276.0
De 55 a 59 años;359.0;315.0;461.0;440.0;478.0;333.0;284.0;323.0;276.0;294.0;258.0;280.0;250.0;221.0;214.0;184.0;136.0;154.0;192.0;167.0;165.0;188.0;206.0;239.0;274.0;273.0;346.0;333.0
De 60 a 64 años;357.0;362.0;437.0;496.0;465.0;440.0;328.0;377.0;338.0;310.0;256.0;261.0;253.0;258.0;282.0;241.0;245.0;220.0;278.0;236.0;247.0;274.0;273.0;310.0;384.0;365.0;402.0;469.0
De 65 a 69 años;438.0;446.0;488.0;501.0;506.0;457.0;338.0;374.0;374.0;366.0;340.0;373.0;347.0;426.0;444.0;413.0;313.0;320.0;420.0;340.0;344.0;378.0;384.0;466.0;535.0;518.0;560.0;537.0
De 70 a 74 años;443.0;407.0;506.0;621.0;589.0;626.0;581.0;613.0;612.0;689.0;669.0;618.0;586.0;551.0;570.0;553.0;475.0;462.0;576.0;488.0;463.0;507.0;517.0;591.0;666.0;705.0;834.0;839.0
De 75 a 79 años;634.0;717.0;840.0;969.0;988.0;952.0;975.0;975.0;935.0;1007.0;1000.0;1018.0;956.0;892.0;896.0;800.0;725.0;714.0;798.0;633.0;662.0;737.0;843.0;968.0;1187.0;1166.0;1419.0;1431.0
De 80 a 84 años;1065.0;1139.0;1255.0;1288.0;1427.0;1497.0;1556.0;1504.0;1400.0;1515.0;1358.0;1346.0;1323.0;1196.0;1198.0;1212.0;1015.0;1093.0;1242.0;1122.0;1170.0;1454.0;1484.0;1810.0;1904.0;1942.0;2141.0;2117.0
De 85 a 89 años;1456.0;1506.0;1638.0;1686.0;1667.0;1854.0;2055.0;1895.0;1735.0;1856.0;1794.0;1898.0;1778.0;1842.0;1779.0;1912.0;1561.0;1631.0;1743.0;1723.0;1647.0;1899.0;1969.0;2177.0;2471.0;2390.0;2458.0;2410.0
De 90 a 94 años;1566.0;1603.0;1569.0;1518.0;1513.0;1758.0;2234.0;2217.0;1983.0;2096.0;2150.0;2324.0;2137.0;1965.0;1951.0;2009.0;1762.0;1716.0;1829.0;1707.0;1641.0;1751.0;1650.0;1763.0;1867.0;1741.0;1833.0;1752.0
De 95 y más años;1193.0;1280.0;1262.0;1284.0;1194.0;1522.0;1692.0;1588.0;1529.0;1544.0;1456.0;1613.0;1354.0;1272.0;1171.0;1150.0;1025.0;1004.0;982.0;866.0;826.0;809.0;826.0;815.0;842.0;830.0;787.0;761.0
090-102  XX.Causas externas de mortalidad;;;;;;;;;;;;;;;;;;;;;;;;;;;;
Menos de 1 año;16.0;19.0;28.0;15.0;31.0;30.0;47.0;34.0;25.0;32.0;39.0;43.0;32.0;36.0;36.0;45.0;42.0;56.0;49.0;65.0;72.0;84.0;120.0;111.0;131.0;135.0;123.0;165.0
De 1 a 4 años;51.0;66.0;54.0;56.0;91.0;78.0;82.0;94.0;84.0;92.0;97.0;111.0;103.0;103.0;105.0;112.0;117.0;126.0;138.0;139.0;164.0;173.0;176.0;169.0;215.0;260.0;233.0;251.0
De 5 a 9 años;33.0;39.0;45.0;29.0;38.0;40.0;59.0;57.0;61.0;70.0;70.0;84.0;85.0;68.0;89.0;100.0;105.0;101.0;107.0;118.0;136.0;139.0;162.0;181.0;210.0;235.0;234.0;254.0
De 10 a 14 años;49.0;60.0;48.0;46.0;49.0;54.0;75.0;82.0;70.0;90.0;119.0;103.0;98.0;112.0;170.0;136.0;144.0;148.0;162.0;170.0;162.0;196.0;256.0;302.0;310.0;315.0;310.0;296.0
De 15 a 19 años;158.0;182.0;183.0;233.0;236.0;318.0;406.0;452.0;486.0;560.0;613.0;673.0;600.0;695.0;794.0;833.0;845.0;849.0;815.0;908.0;894.0;1029.0;1162.0;1410.0;1507.0;1533.0;1402.0;1385.0
De 20 a 24 años;316.0;326.0;346.0;397.0;418.0;517.0;659.0;737.0;844.0;973.0;1021.0;1183.0;1215.0;1208.0;1394.0;1347.0;1454.0;1320.0;1440.0;1521.0;1521.0;1699.0;2014.0;2272.0;2242.0;2283.0;2093.0;1948.0
De 25 a 29 años;369.0;382.0;457.0;503.0;511.0;697.0;840.0;959.0;1003.0;1099.0;1224.0;1262.0;1315.0;1318.0;1444.0;1341.0;1496.0;1436.0;1465.0;1576.0;1535.0;1622.0;1804.0;1901.0;1825.0;1851.0;1626.0;1404.0
De 30 a 34 años;543.0;573.0;609.0;614.0;709.0;835.0;924.0;1014.0;1110.0;1173.0;1225.0;1335.0;1250.0;1304.0;1301.0;1321.0;1372.0;1416.0;1390.0;1300.0;1379.0;1336.0;1375.0;1409.0;1299.0;1257.0;1180.0;1103.0
De 35 a 39 años;670.0;723.0;794.0;796.0;844.0;893.0;1037.0;1097.0;1130.0;1142.0;1247.0;1155.0;1153.0;1218.0;1225.0;1167.0;1189.0;1152.0;1050.0;1085.0;1063.0;982.0;1035.0;1093.0;1018.0;1021.0;1010.0;880.0
De 40 a 44 años;890.0;854.0;889.0;899.0;961.0;930.0;1063.0;1093.0;996.0;1065.0;1029.0;1087.0;1006.0;1042.0;1066.0;966.0;962.0;949.0;887.0;849.0;822.0;883.0;910.0;884.0;936.0;1026.0;915.0;935.0
De 45 a 49 años;1007.0;945.0;829.0;878.0;858.0;933.0;978.0;956.0;912.0;897.0;996.0;957.0;903.0;888.0;918.0;836.0;850.0;840.0;826.0;832.0;871.0;901.0;823.0;879.0;881.0;998.0;893.0;814.0
De 50 a 54 años;934.0;923.0;820.0;837.0;841.0;797.0;829.0;784.0;827.0;862.0;851.0;833.0;862.0;865.0;870.0;878.0;886.0;867.0;865.0;780.0;823.0;789.0;775.0;896.0;949.0;1085.0;1164.0;1120.0
De 55 a 59 años;801.0;759.0;711.0;684.0;726.0;700.0;819.0;802.0;791.0;858.0;825.0;867.0;856.0;776.0;811.0;788.0;785.0;800.0;862.0;847.0;938.0;905.0;1020.0;1106.0;1249.0;1233.0;1231.0;1129.0
De 60 a 64 años;699.0;685.0;644.0;649.0;666.0;745.0;744.0;777.0;803.0;768.0;772.0;775.0;773.0;755.0;814.0;868.0;944.0;988.0;954.0;961.0;924.0;971.0;964.0;1010.0;1160.0;1177.0;1147.0;1189.0
De 65 a 69 años;760.0;761.0;680.0;693.0;730.0;714.0;752.0;709.0;764.0;823.0;826.0;941.0;995.0;976.0;989.0;1089.0;1040.0;1001.0;1063.0;993.0;1016.0;947.0;976.0;1028.0;1053.0;1126.0;1044.0;1032.0
De 70 a 74 años;858.0;863.0;810.0;844.0;810.0;894.0;928.0;1074.0;1097.0;1230.0;1214.0;1212.0;1122.0;1084.0;1143.0;1122.0;1136.0;1021.0;986.0;1114.0;970.0;978.0;874.0;999.0;977.0;1022.0;969.0;1001.0
De 75 a 79 años;1209.0;1160.0;1272.0;1333.0;1204.0;1324.0;1224.0;1244.0;1338.0;1380.0;1357.0;1214.0;1132.0;1177.0;1144.0;1088.0;1092.0;1083.0;957.0;913.0;876.0;866.0;940.0;1017.0;1070.0;1056.0;980.0;1013.0
De 80 a 84 años;1712.0;1758.0;1591.0;1582.0;1490.0;1416.0;1490.0;1485.0;1468.0;1532.0;1394.0;1181.0;971.0;946.0;877.0;990.0;914.0;969.0;976.0;948.0;870.0;899.0;894.0;916.0;935.0;924.0;856.0;825.0
De 85 a 89 años;1950.0;1879.0;1652.0;1665.0;1491.0;1436.0;1299.0;1316.0;1201.0;1164.0;1137.0;932.0;810.0;882.0;792.0;811.0;913.0;804.0;806.0;765.0;637.0;635.0;626.0;633.0;629.0;563.0;554.0;464.0
De 90 a 94 años;1329.0;1174.0;1080.0;1014.0;940.0;777.0;740.0;830.0;808.0;802.0;723.0;533.0;488.0;423.0;419.0;435.0;434.0;432.0;404.0;336.0;324.0;315.0;242.0;253.0;200.0;187.0;162.0;146.0
De 95 y más años;549.0;547.0;463.0;466.0;422.0;368.0;294.0;320.0;321.0;290.0;265.0;216.0;162.0;123.0;140.0;138.0;143.0;135.0;122.0;105.0;88.0;82.0;79.0;64.0;71.0;46.0;45.0;57.0