;1 de enero de  2015;1 de enero de  2014;1 de enero de  2013;1 de enero de  2012;1 de enero de  2011;1 de enero de  2010;1 de enero de  2009;1 de enero de  2008;1 de enero de  2007;1 de enero de  2006;1 de enero de  2005;1 de enero de  2004;1 de enero de  2003;1 de enero de  2002;1 de enero de  2001;1 de enero de  2000;1 de enero de  1999;1 de enero de  1998;1 de enero de  1997;1 de enero de  1996;1 de enero de  1995;1 de enero de  1994;1 de enero de  1993;1 de enero de  1992;1 de enero de  1991;1 de enero de  1990;1 de enero de  1989;1 de enero de  1988;1 de enero de  1987;1 de enero de  1986;1 de enero de  1985;1 de enero de  1984;1 de enero de  1983;1 de enero de  1982;1 de enero de  1981;1 de enero de  1980;1 de enero de  1979;1 de enero de  1978;1 de enero de  1977;1 de enero de  1976;1 de enero de  1975;
0 años;426459.032637;424880.561286;453294.393815;475602.77295;484003.635095;493973.866251;519524.915206;493917.526566;483683.207927;466983.638727;455203.853201;443075.961549;419433.457031;411693.176639;395790.090907;379648.588239;365367.217391;367200.586208;361026.285715;362924.804874;368535.297875;384355.132075;395546.610166;390956.046875;390638.999999;401254.999997;410145.105261;420692.36;432682.225807;451280.648645;469612.418612;480918.102036;511235.054547;549898.49457;569801.868853;592226.6438;625319.961595;644378.9255;665372.818441;659696.353717;679664.135902;
1 año;426471.202165;453015.540414;475616.577598;483549.043415;494926.833428;520784.877541;498193.841201;490146.186718;473622.060533;461564.525693;448586.970603;425499.05443;417814.840944;398109.980946;381203.17647;367441.434781;367272.172416;361470.571428;363677.609756;368961.595742;384692.264152;396256.220338;391798.703125;390591.734375;396614.999999;404169.210533;417582.72;429817.451612;449343.297298;469655.837211;480765.204082;511275.109092;547894.36789;569350.624479;589396.338491;621850.500105;641008.14735;662489.091392;659460.514068;675749.559178;658989.789484;
2 años;452559.834907;472651.808727;481415.039083;494158.018806;520875.478851;499803.319909;494118.168642;480227.771384;468035.677849;454642.229394;430776.601554;424036.622556;406441.422877;384738.161316;369738.652173;367586.75862;362150.857143;364683.414631;369645.893621;385343.396228;397347.830506;392994.359375;392577.015625;397716.390625;398517.31579;414876.08;427413.677418;447947.945941;470239.255813;481131.306124;511899.163636;546449.24121;568908.610899;589416.1803;619341.038615;638742.3692;660731.364324;660598.6744;673421.982462;658480.602559;659342.115241;
3 años;472390.749653;479519.870528;492831.341691;521120.953368;501252.51432;496163.972216;484408.292273;475054.12205;461357.826655;436170.708334;429194.850111;414086.905785;393825.242213;373696.74762;367937.344826;362863.142857;365718.219518;370382.191492;385997.528292;398494.440681;394258.015625;394623.296875;399941.859375;399805.921875;412231.44;425083.903226;446617.594597;470909.674421;481597.408167;512669.218185;545156.11453;568632.597319;590063.25154;619747.256554;636688.591065;659212.637275;661927.834732;671200.405748;658187.415628;659916.144707;655226.057269;
4 años;478811.820413;490544.098441;519608.541432;502162.653891;497390.412613;485963.438866;479172.069057;467904.060965;442187.156119;433996.019907;420083.632486;401915.452847;382556.710011;370317.784367;363582.428572;366787.02439;371145.489362;386703.660376;399656.050844;395539.671875;396699.578125;402204.328125;402494.828125;413533.5;422807.129033;445275.243241;471607.093028;482089.510204;513488.272729;543917.98785;568442.583739;590718.32278;620840.410384;636786.936807;657834.910216;663304.995083;669089.829021;657960.228702;660596.174165;655198.357057;645553.392279;
5 años;489530.747802;517577.723285;501018.386014;498183.080336;486888.787994;480714.341263;471465.530371;448726.666136;439707.505929;426306.693167;407838.187994;390405.305444;379573.771463;366191.790005;367860.829264;371925.787234;387423.792456;400831.661017;396842.328125;398796.859375;404476.796875;405203.734375;415627.5;424377.0;443968.891898;472314.511629;482612.612245;514351.327271;542725.86117;568258.570159;591426.39402;621950.564214;637385.507337;658518.251057;664801.15541;667042.252309;657806.04178;661304.203632;655262.65685;647502.440475;637182.318529;
6 años;516353.983513;499065.64126;497160.63629;487772.57611;481639.377519;472615.46036;452558.242642;446111.354122;433376.21644;414286.368143;396321.518944;387904.590737;375546.570058;370600.904731;372719.085099;388165.924528;402036.271187;398151.984375;400905.140625;406770.265625;407910.640625;417742.5;426724.0;445668.890625;473030.930235;483157.714283;515217.381815;541557.73449;568085.556579;592134.46526;623102.718044;637962.077867;659669.005487;665809.069733;664948.675589;657645.854846;662073.233099;655386.956631;649494.488674;639519.047147;641057.746258;
7 años;498243.124018;495565.081178;486932.083739;482425.258814;473198.918581;453929.925084;449676.948292;441275.362194;421495.547379;402373.339157;394121.648587;383478.627022;378948.219037;375154.520079;388902.056602;403224.881353;399473.640625;403013.421875;409054.734375;410647.546875;419868.5;429068.0;447953.359375;474259.71875;483689.816323;516087.436364;540396.60781;567941.542999;592865.5365;624287.871874;638577.648397;660831.759917;666752.934853;665129.336733;657525.667924;662871.26256;655535.256427;651501.536873;641915.775762;642693.949686;658028.568668;
8 años;495017.731948;485609.242482;481848.240356;473952.694526;454669.113016;450795.407136;446353.943707;429546.911191;409288.621973;400716.589138;389470.384065;386144.286231;383427.066113;391292.576467;404425.491524;400815.296875;405130.703125;411384.203125;413376.453125;421996.5;431410.0;450258.828125;475628.78125;485578.625;516966.490908;539244.48113;567808.529419;593633.60774;625469.025704;639203.218927;662037.514347;667700.799973;665762.845453;658001.472591;663668.292014;655670.556208;653503.585073;644304.50438;644353.153105;659720.445369;657883.313103;
9 años;485230.539875;480680.553881;473571.783179;455476.110615;451443.575209;448594.120511;435094.91948;416963.588706;408301.885198;396125.516525;391740.420943;390930.373262;399665.732952;407157.51102;402145.953125;407257.984375;413683.671875;416123.359375;424137.5;433758.0;452564.296875;476987.84375;487734.375;518949.421875;538112.35445;567695.515839;594418.67898;626661.179534;639853.789457;663211.268777;668660.665093;666401.354173;658598.475581;664304.84163;655838.855996;655547.63327;646669.232998;646013.356528;661437.322071;660835.775457;660842.18354;
10 años;480429.642035;472464.367995;454993.466599;452070.389225;450232.825176;437683.449102;422324.419651;416754.062165;403548.606032;397749.013515;396609.144353;407175.377889;415433.229361;404988.228922;409385.265625;415984.140625;418861.265625;426269.5;436128.0;454883.765625;478356.90625;489893.125;521159.328125;540575.0;567571.502259;595179.75022;627851.333364;640539.359987;664413.023207;669633.530213;667054.862893;659211.478571;664890.89527;656253.719358;657605.681468;649075.961616;647704.559954;663149.198777;663821.237808;662050.296474;675276.682486;
11 años;471933.309467;453946.748653;451692.935787;451616.569785;439362.417696;424808.154635;422972.909248;411978.211615;404686.95165;402784.91991;412872.655962;422931.841067;413237.594796;412798.686561;418299.609375;421594.171875;428402.5;438499.0;457199.234375;479727.96875;492067.875;523362.234375;543778.0;570665.0;595963.82146;629063.487194;641193.930517;665637.777637;670632.395333;667684.371613;659867.481561;665489.94891;656749.095428;657777.54871;651485.690231;649382.76338;664869.075488;666828.700163;663283.409411;676561.948844;649596.618547;
12 años;453983.268257;450926.688544;451288.399651;440863.110786;426368.524119;425854.473974;418191.975055;412643.593118;409473.388801;419074.112458;428597.639663;420914.463461;420730.390483;421913.949343;424341.078125;430526.5;440860.0;459502.703125;481083.03125;494242.625;525580.140625;546996.0;574419.0;598954.0;630239.641024;641856.501047;666855.532067;671609.260453;668332.880333;660507.484551;666077.00255;657239.471498;657549.97976;651549.924585;651071.966801;666605.952178;669790.162509;664510.522346;677851.215206;650738.469141;632125.569966;
13 años;451132.753469;450406.439894;440837.463468;428021.344299;428100.405536;421234.124505;418279.589179;417355.068751;425798.003775;434623.150372;426752.089378;427951.284678;429943.964078;428317.509108;432666.5;443230.0;461818.171875;482451.09375;496399.375;527768.046875;550196.0;578164.0;602342.0;633589.84375;642475.071577;668060.286497;672596.125573;668984.389053;661122.487541;666675.05619;657708.847568;657320.41081;651156.060085;650832.458972;668324.828884;672779.624865;665702.635281;679094.481557;651868.319731;632546.267218;618823.012777;
14 años;450530.294829;440098.489095;427889.665129;429966.609977;423345.483679;420873.362371;422987.25382;433766.134781;441224.170984;432873.021692;433533.03954;437249.632183;436638.61109;436065.970873;445563.0;464121.640625;483805.15625;498539.125;529947.953125;553388.0;581877.0;605737.0;637383.65625;645976.40625;669210.040927;673527.990693;669619.897773;661732.490531;667247.10983;658151.223638;657086.84186;650749.195585;650187.208902;667339.81042;675782.087215;666891.748212;680354.747927;653030.170328;632959.964463;619062.46669;630956.083872;
15 años;440337.811354;427036.026488;430215.431391;425477.713046;422657.772342;425869.617966;439812.40334;449269.742659;439839.566102;439755.561323;443543.22211;444591.999217;444274.118199;449249.928069;466391.109375;485134.21875;500650.875;532103.859375;556553.0;585567.0;609107.0;641126.46875;650045.09375;672370.65625;674420.855813;670179.406493;662300.493521;667781.16347;658575.599708;656812.27291;650292.331085;649514.958832;665883.01292;673505.664467;668072.861148;681538.014279;654114.020918;633324.661715;619310.92059;628834.532939;608759.391282;
16 años;427394.481411;429583.798316;426017.238233;424446.885513;428008.922043;443250.440998;456013.62625;448683.586666;446659.566527;450136.038779;451087.872051;452095.852279;457474.707625;469882.643145;486409.28125;502715.625;534207.765625;559671.0;589224.0;612447.0;644879.28125;654070.78125;675914.84375;677200.734375;670681.915213;662786.496511;668260.21711;658936.975778;656465.70396;649802.466585;648793.708762;664332.21542;670176.664707;666119.403861;682701.28064;655158.871506;633634.358966;619529.374499;626648.982009;607283.084853;605401.415332;
17 años;430208.544286;425640.210974;425121.182804;430624.312936;446187.709007;460327.047919;456417.263566;456920.91288;458670.633896;459281.854361;459840.13227;465850.331153;478118.863601;489405.606605;504748.375;536292.671875;562731.0;592834.0;615723.0;648533.09375;658042.46875;679395.03125;680304.015625;673421.296875;663154.499501;668569.27075;659170.351848;656034.13501;649226.602085;648002.458692;662697.41792;666791.664947;663518.632531;680206.617395;656175.7221;633888.05621;619682.828407;624396.431075;605781.778432;603577.591656;592248.178115;
18 años;427490.460947;425659.211213;432387.848765;450268.086554;464552.49856;462413.383225;466841.012709;473860.699856;471564.450378;470525.995932;475809.319613;488242.101868;500141.647368;508931.222454;538310.578125;565763.0;596383.0;618954.0;652145.90625;661981.15625;682889.21875;683430.296875;676592.453125;665457.015625;668824.32439;659320.727918;655521.56606;648550.737585;647124.208622;661048.62042;663355.665187;660859.861201;676920.368225;653608.01409;634148.753457;619746.282308;622063.880149;604265.472007;601707.767977;590296.509315;555303.346971;
19 años;427864.197584;432651.134823;451867.137122;468594.739618;466679.607797;472476.32956;484267.874804;490892.334459;486619.551874;489288.791131;500936.945878;512367.097015;522083.096579;543489.160763;568786.0;599898.0;622172.0;655740.71875;665891.84375;686318.40625;686519.578125;679701.609375;668176.234375;670607.203125;659432.103988;654926.99711;647841.873085;646054.958552;659284.82292;659857.665427;658118.089871;673570.119055;650331.99437;631501.519413;619825.736215;619739.329217;602638.165586;599771.944299;588270.84052;552947.152999;547921.546073;
20 años;435372.097148;451986.409186;470393.873041;471225.090861;477383.150264;489985.833294;502908.98524;508931.845656;507844.644377;516610.924708;527756.794893;536828.485904;560141.154159;575443.307321;603430.0;625378.0;659360.53125;669754.53125;689751.59375;689594.859375;682885.765625;670861.453125;672708.046875;661208.40625;654271.42816;647058.008585;645005.708482;657424.02542;656319.665667;655402.318541;670181.869885;646951.97465;628275.699113;617468.799769;617438.778287;600990.859165;597786.120631;586247.171729;550587.959023;544585.986001;525979.344262;
21 años;454361.683692;470140.753154;472820.52685;482019.585693;495028.381862;508399.239769;521792.811926;531805.720515;535670.903835;545161.86388;554207.981459;576966.251645;594196.292494;611067.571735;628538.0;662931.34375;673610.21875;693176.78125;692644.140625;686053.921875;673601.671875;674877.890625;663394.09375;655858.015625;646212.144085;643911.458412;655538.22792;652757.665907;652656.547211;666807.620715;643533.95493;625026.878813;614682.585249;615711.184816;599421.552737;595843.296954;584203.502925;548203.765048;541276.425937;522627.135336;529542.361092;
22 años;472175.378535;471979.947228;483688.191452;499445.104879;512590.970649;526664.970591;545265.024967;560746.173847;565834.254485;572865.435356;596798.894402;612446.486634;632142.008335;636434.656906;666509.15625;677452.90625;696560.96875;695720.421875;689206.078125;676321.890625;677066.734375;665630.78125;657928.234375;648039.546875;642789.208342;653565.43042;649101.666147;649818.775881;663379.371545;640100.93521;621768.058513;611860.370729;614123.982836;597929.765416;593884.473283;582166.834132;545847.57108;537968.865873;519323.926414;525642.343897;535724.990874;
23 años;473646.639891;482901.914171;500066.69082;516939.977822;530194.976089;550030.739594;574630.263205;591803.486276;594073.374487;616983.749551;633485.507152;651701.617054;659215.332221;675214.563202;681317.59375;699971.15625;698730.703125;692405.234375;679030.109375;679257.578125;667896.46875;660067.453125;650467.203125;644685.640625;651626.63292;645363.666387;646924.004551;659856.122375;636634.91549;618480.238213;609042.156209;612476.780856;596511.681916;592184.099668;580154.16533;543438.377103;534591.305806;515969.71749;521764.326697;531498.355248;499819.396554;
24 años;483744.360047;497607.557148;516665.927974;534183.216545;553069.425278;578951.694672;606204.300407;620073.623349;639089.328818;654444.40353;674411.763316;680087.154065;699218.677775;690461.841098;703350.34375;701774.984375;695575.390625;681808.328125;681429.421875;670097.15625;662207.671875;652974.859375;647243.609375;653389.515625;641624.666627;644034.233221;656342.873205;633119.89577;615175.417913;606190.941689;610866.578876;595061.598416;590554.016068;578775.729934;541080.183131;531263.745745;512598.508572;517851.309496;527283.719611;497035.419361;502408.81634;
25 años;497426.920559;512335.502647;532641.016231;555641.360631;580841.43969;609716.65385;634831.917012;665323.182339;676476.344454;696048.91594;703213.052694;720640.121632;715101.910444;712159.266103;704778.265625;698753.546875;684517.546875;683623.265625;672305.84375;664319.890625;655454.515625;649815.578125;655862.734375;643181.609375;641087.461891;652729.624035;629597.87605;611804.597613;603326.727169;609225.376896;593644.514916;588852.932468;577514.941214;539890.304898;527901.185677;509255.299644;513913.292298;523060.083977;494208.442178;498869.984768;507105.456947;
26 años;511371.514282;526425.397748;552537.795678;582468.09667;610791.034374;637614.536899;679558.954251;702789.754391;717795.619002;724177.828905;743964.802718;735973.019033;736992.055115;713286.428177;701888.703125;687274.765625;685833.109375;674578.53125;666458.109375;657872.171875;652424.546875;658377.953125;645856.140625;642688.5625;649106.374865;625943.85633;608347.777313;600396.512649;607575.174916;592128.431416;587153.848868;576251.152494;538956.489818;526612.695745;505930.090721;509991.275098;518803.448344;491390.464992;495358.153191;505022.835934;539061.139967;
27 años;524168.051845;545446.511357;577925.024775;611130.818121;637916.809951;681832.889015;715830.357594;743321.322773;744887.101404;763803.031766;758535.207577;757135.375251;736946.639312;710457.96918;689992.984375;688049.953125;676836.21875;668653.328125;660336.828125;654953.515625;660847.171875;648531.671875;645236.4375;651050.125;622277.83661;604867.957013;597433.298129;605859.972936;590599.347916;585434.765268;575010.363774;537965.674738;525726.819845;504869.884569;506087.257895;514543.81271;488559.487807;491827.321614;502937.214927;537477.680079;493451.762609;
28 años;542542.375351;568986.257638;605870.806618;637173.217827;681192.22613;716715.062964;755908.040699;768770.671918;783370.229568;777732.467271;777936.711292;756307.815998;733699.849851;697917.036412;690248.796875;679101.90625;670795.546875;662808.484375;657497.484375;663293.390625;651150.203125;647748.3125;654049.875;623901.375;601313.136713;594369.083609;604098.770956;589089.264416;583698.681668;573755.575054;536995.859658;524829.943945;504230.678979;505306.219898;510312.177076;485725.510622;488282.490043;500834.593908;535897.220182;492142.371921;469396.972586;
29 años;564830.600211;596113.979007;630658.50741;679500.681049;715182.622196;756406.590693;780100.176298;805977.013436;795992.781252;796093.676654;776084.986972;752103.611922;719515.121523;697524.095778;681363.59375;672952.765625;665308.140625;660095.453125;665693.609375;653734.734375;650199.1875;657032.625;626589.625;603027.4375;591265.869089;602283.568976;587470.180916;581914.598068;572472.786334;536008.044578;523955.068045;503569.473389;505168.777728;509366.426319;482894.533432;484764.658468;498735.972894;534309.760294;490827.981239;468739.065158;501859.881237;
30 años;591236.50102;619820.292278;671705.381885;712602.417209;754073.068619;779875.791148;816375.111476;817295.463847;813429.271623;792818.634955;771188.90552;736868.718056;718536.092704;688493.210268;675127.984375;667783.796875;662756.421875;668208.828125;656202.265625;652632.0625;659916.375;629228.875;605675.5625;592944.28125;600359.366996;585784.097416;580079.514468;571157.997614;534991.229498;523024.192145;502902.267799;504978.335558;509079.052539;481844.228575;481218.826897;496606.351882;532676.3004;489515.590545;468052.157742;500985.742142;474132.478437;
31 años;614534.068293;660077.412347;704228.724138;750842.493423;777432.222649;816108.754784;827313.705175;833064.652702;808438.273852;787082.915732;753884.641311;734696.820339;708183.759093;681850.872208;670281.453125;665411.390625;670781.046875;658911.796875;654997.9375;662762.125;631800.125;608462.6875;595627.21875;602110.765625;584061.013916;578213.430868;569742.208894;533868.414418;522087.316245;502236.062209;504759.893388;508761.678759;481185.058185;479801.172609;494433.73087;531017.840508;488188.199858;467385.250319;500122.60305;473940.274721;470154.051706;
32 años;654106.902381;692694.509473;742006.516896;774154.471451;813588.568021;827030.484074;841948.069199;826739.423151;802094.849608;768653.353607;751511.097568;723599.446948;701000.388424;676974.628705;668072.359375;673377.265625;661630.328125;657589.8125;665529.875;634323.375;611174.8125;598240.15625;604530.484375;585898.234375;576225.347268;568269.420174;532758.599338;521114.440345;501526.856619;504543.451218;508451.304979;480468.887795;478812.553779;493762.172309;529360.380623;486863.809167;466647.342906;499221.463955;473716.071008;470243.225474;412776.306748;
33 años;686418.28981;729807.072492;765298.008998;810100.842026;824678.913474;841398.745693;835057.923711;819874.370084;782579.05396;765587.029992;739071.303693;715855.726388;694740.316308;674740.492638;675945.484375;664331.859375;660237.6875;668499.625;636870.625;613827.9375;600797.09375;606960.203125;588471.515625;577837.234375;566732.631454;531512.784258;520075.564445;500752.651029;504293.009048;508121.931199;479741.717405;477804.934949;493384.826239;528252.292527;485541.418481;465902.435487;498297.324867;473498.867292;470325.399238;412580.696363;377669.740596;
34 años;723568.324273;753808.415411;801538.55847;821755.90151;839112.3929;834601.681664;827876.435117;798411.507535;778834.876423;752318.89148;731267.367821;708990.494488;691553.172023;682113.29064;667076.390625;662841.5625;671606.375;639574.875;616477.0625;603269.03125;609357.921875;591010.796875;580100.515625;568238.59375;530289.969178;518988.688545;499971.445439;503997.566878;507755.557419;478982.547015;476784.316119;492974.480169;527244.878797;484603.212811;465175.528069;497409.185776;473211.663576;470396.573008;412341.085968;378157.101281;486012.87513;
35 años;747764.83689;790449.806552;813390.796167;836294.52231;832655.540491;827660.234859;805521.728945;794161.684772;764980.311369;744364.274899;723475.681628;705260.350646;698022.33823;673199.389323;665495.4375;674719.125;642406.125;619325.1875;605758.96875;611619.640625;593519.078125;582344.796875;570302.90625;531711.34375;517827.812645;499076.239849;503649.124708;507350.183639;478176.376625;475717.697289;492518.134099;526154.465067;483741.044141;464398.83154;496488.04668;472900.459872;470431.746776;412073.475576;378638.46196;485397.941733;319405.148777;
36 años;784375.442525;803226.481888;828437.863539;830178.659356;826069.717097;805443.239478;801263.512768;779757.34562;756614.732761;735530.67725;719260.438144;710695.781642;687227.982588;671268.100809;677742.875;645220.375;622220.3125;608471.90625;613935.359375;595886.359375;584551.078125;572367.21875;533686.15625;519082.265625;498136.034259;503237.682538;506868.809859;477326.206235;474581.078459;491994.788029;525035.051337;482872.875471;463625.57719;495864.479875;472582.256156;470434.92054;411791.865187;379137.822642;484718.008343;319940.09748;369585.930096;
37 años;797239.846509;818130.884225;822595.516191;823812.906214;804343.324255;801499.763077;786314.18259;770936.321319;747159.922863;731033.108863;723475.922911;698474.383716;684583.304739;683751.035186;647949.625;625078.4375;611256.84375;616433.078125;598317.640625;586718.359375;574400.53125;535590.96875;520814.984375;499241.96875;502760.240368;506296.436079;476431.035845;473428.459629;491429.441959;523899.637607;481929.706801;462768.32284;495277.227525;471727.828686;470413.094304;411537.254789;379596.183327;484101.074947;320442.04617;369675.02411;420745.709187;
38 años;812507.442915;813312.562342;816751.49769;802219.21422;800305.074738;786487.503855;777260.987029;760709.277755;742378.291877;734692.764327;709421.70041;695158.127901;696514.784503;653426.290533;627910.5625;614023.78125;618913.796875;600840.921875;588847.640625;576343.84375;537433.78125;522545.703125;500732.53125;503812.984375;505763.062299;475499.865455;472170.840799;490851.095889;522698.223877;480958.538131;461861.06849;494580.975175;470822.156466;469761.418551;411240.644398;379961.544003;483427.141553;320894.994865;369784.118121;420585.359829;479612.770006;
39 años;807902.550649;807650.117378;795946.014629;798714.109817;785994.306595;777182.476264;766951.109171;755776.150214;745137.247726;718824.082376;705497.182531;706500.763927;665035.221127;633222.016158;616763.71875;621345.515625;603415.203125;591078.921875;578319.15625;539261.59375;524195.421875;502196.09375;505169.765625;506596.828125;474481.695065;470928.221969;490176.749819;521417.810147;479938.369461;460895.81414;493858.722825;469850.484246;468904.172891;410466.636333;380336.904687;482637.208157;321343.943563;369845.212132;420444.010476;479703.985832;467016.558729;
40 años;802552.355349;787984.139544;792697.368202;784673.005878;776260.966048;767255.956339;761227.072398;757737.553083;727666.676996;714420.374664;716342.616445;674205.529009;643990.167105;621518.715841;623709.234375;605892.484375;593301.203125;580263.46875;540994.40625;525769.140625;503586.65625;506476.546875;507645.421875;475108.765625;469614.603139;489459.403749;520100.396417;478826.200791;459906.55979;493078.470475;468797.812026;467947.927231;409507.748733;379767.801065;481824.274769;321750.892254;369863.30614;420249.661124;479800.201657;466135.454424;466592.481261;
41 años;783091.860395;784778.291551;778723.409867;774612.552618;766630.46483;761391.451573;762945.316929;737540.277856;722793.252514;724752.108075;683079.603626;652581.708998;631165.089369;628254.736368;608304.765625;595511.484375;582245.78125;542773.21875;527290.859375;504914.21875;507757.328125;508679.015625;476064.484375;469902.046875;488668.057679;518720.982687;477642.032121;458810.30544;492273.218125;467676.139806;467022.681571;408597.861133;378999.204585;480518.192597;322118.840955;369869.400154;420001.311768;479893.417485;465328.350133;466364.709598;490842.110616;
42 años;780072.505932;771101.433322;768528.561063;765406.499321;760698.088533;763192.256983;742485.526879;732263.420856;733006.487712;690794.086406;660948.077361;638834.567976;637416.750171;612575.545408;597604.765625;584136.09375;544535.03125;528876.578125;506180.78125;508979.109375;509616.609375;476907.203125;470464.703125;489212.171875;517221.568957;476394.863451;457728.05109;491382.965775;466513.467586;465951.435911;407574.973533;378143.608105;479135.880677;321356.596368;369778.494167;419657.962409;479877.633311;464380.245837;466115.937943;490211.230465;489834.704862;
43 años;767032.854085;761183.693711;760504.020129;759410.66119;762814.12119;742499.233758;736506.84804;741792.853303;697957.575536;667937.002345;646360.593222;644697.617676;621007.985251;601529.742796;585931.40625;546211.84375;530436.296875;507501.34375;510090.890625;510507.203125;477744.921875;470957.359375;489926.578125;517471.734375;475139.694781;456479.79674;490400.713425;465250.795366;464847.190251;406450.085933;377244.011625;477638.568757;320312.713128;368775.161786;419336.613058;479783.849134;463352.141544;465786.166285;489625.350315;489395.74898;468433.903614;
44 años;756918.394629;753771.559876;754215.598396;761984.769535;741818.861014;736718.629083;745554.685529;705995.860012;674885.534577;652985.201225;651739.106576;627787.800425;609372.64982;589369.200303;547808.65625;531854.015625;508727.90625;511133.671875;511331.796875;478487.640625;471378.015625;490622.984375;518059.015625;475132.96875;455190.54239;489320.461075;463916.123146;463680.944591;405331.198333;376293.415145;476039.256837;319276.829888;367583.344136;418251.119709;479630.064966;462236.037245;465325.394626;488959.470168;488794.793088;468113.026708;495804.871006;
45 años;749696.878282;747544.386481;757200.752565;741083.364703;736244.686628;745554.433762;709316.978473;682709.277374;659160.424181;657890.237264;634458.16455;615403.838655;596374.508031;550914.609864;533204.734375;509862.46875;512192.453125;512125.390625;479176.359375;471763.671875;491200.390625;518529.296875;475365.53125;455216.421875;488160.208725;462485.450926;462399.698931;404092.310733;375251.818665;474433.944917;318080.946648;366289.526486;416964.997559;478150.370293;461074.93295;464742.622967;488187.59002;488098.837203;467596.149805;493547.927946;455194.370378;
46 años;743748.287407;751119.578204;736754.071761;735175.33771;744772.18019;709162.66188;685698.407278;666103.039194;663684.752527;639968.674408;621523.213909;601999.568218;557269.565271;535986.962429;510935.03125;513095.234375;512852.984375;479810.078125;472093.328125;491673.796875;518767.578125;475430.09375;455509.328125;487728.09375;461058.778706;461024.453271;402737.423133;374141.222185;472710.632997;316837.063408;364924.708836;415585.875409;476373.093533;459667.353155;464169.851315;487308.709872;487348.881321;467040.2729;491257.984891;454868.169912;466290.041098;
47 años;747477.901952;731379.500416;730876.321361;743770.879102;708413.980197;685159.10469;668816.345663;670206.990449;645495.059792;626760.626396;607385.886824;562315.493223;541807.611583;513340.57329;513943.015625;513466.578125;480399.796875;472322.984375;492195.203125;519019.859375;475489.65625;455719.234375;487426.40625;460748.328125;459607.207611;401303.535533;372985.625705;470881.321077;315548.180168;363476.891186;414124.753259;474446.816773;458152.478265;462587.079143;486412.829727;486534.925434;466321.39599;488927.041834;454259.969439;465206.122681;441532.665013;
48 años;727994.770692;725474.100109;739628.903548;707417.117299;684501.481847;668402.174565;672438.449195;651362.723177;631594.486342;611817.829019;567153.730828;546293.957282;518233.613372;515917.854515;513962.171875;480859.515625;472509.640625;492647.609375;519215.140625;475403.21875;455723.140625;486960.71875;460614.921875;459149.328125;399824.647933;371728.029225;468848.009157;314181.296928;361916.073536;412561.631109;472423.540013;456463.603375;460762.106873;484581.94556;485641.96955;465535.519089;486393.098783;453687.76896;464046.204252;440036.667642;446458.718326;
49 años;722090.491797;734348.161581;703717.043339;683535.130282;667591.028059;671724.860307;653313.866667;636878.309547;616051.98669;571165.672329;550797.617008;522174.852072;520308.852211;515560.275768;481259.234375;472540.296875;492937.015625;519303.421875;475209.78125;455781.046875;486461.03125;460433.515625;458890.921875;399227.921875;370339.432745;466766.697237;312708.413688;360302.255886;410929.508959;470222.263253;454661.728485;458859.134603;482588.86059;483750.853826;464697.642182;483789.155738;452935.568491;462879.285822;438455.670268;445086.85483;435681.925511;
50 años;730730.732792;698440.972279;679545.537369;666359.515588;670578.778662;652384.351721;638317.639516;620629.467458;574965.505621;554329.513718;526024.640801;523975.26249;519453.575707;482608.257825;472460.953125;493101.421875;519305.703125;474947.34375;455682.953125;485791.34375;460178.109375;458434.515625;398746.828125;369809.515625;464559.385317;311135.530448;358573.438236;409140.386809;467880.986493;452717.853595;456714.162333;480395.77562;481556.306136;463008.440812;480964.212678;452060.368017;461480.367391;436687.672893;443486.99133;433905.808369;427369.341189;
51 años;695017.013309;674746.258164;662720.992774;669301.205701;651358.799043;637505.746139;621674.376911;579152.877373;557659.767186;529137.605055;527426.176414;522696.569863;486122.460434;473493.06377;493099.828125;519180.984375;474651.90625;455517.859375;485019.65625;459776.703125;457936.109375;398205.734375;369450.734375;463598.6875;309516.647208;356800.620586;407190.264659;465464.709733;450648.978705;454507.190063;478138.69065;479239.758446;461098.574542;478511.092545;451057.167547;459936.448965;434849.675512;441876.127833;432035.691227;425907.501122;418652.688018;
52 años;671387.57745;658247.75112;665531.799232;650102.126758;636129.083192;620660.809587;579827.379594;561415.657699;532021.086373;530230.434951;525714.639194;489125.310078;476607.192448;494027.955425;518996.265625;474208.46875;455252.765625;484123.96875;459253.296875;457381.703125;397605.640625;368996.953125;462753.3125;308853.9375;354789.802936;405192.142509;462853.432973;448458.103815;452187.217793;475644.60568;476782.210756;459065.708272;476011.336995;449353.567399;458306.530535;432858.678141;440154.264341;430126.57409;424223.66105;416869.955859;424887.967638;
53 años;654920.375555;660497.659902;646205.790594;634651.143148;619243.29354;578687.60724;561978.068462;535167.65224;532649.707858;528150.167973;491773.414014;479221.213633;496760.409282;519553.2499;473614.03125;454798.671875;483170.28125;458709.890625;456601.296875;396873.546875;368372.171875;461749.9375;308246.0625;353961.9375;403024.020359;460107.156213;446086.228925;449671.245523;473060.52071;474047.663066;456939.842002;473430.581445;447432.087319;455921.276565;430805.680763;438174.400844;427989.456942;422419.820987;414900.223687;422416.703541;395408.871916;
54 años;656941.620448;641439.139935;630954.115231;617872.917703;577214.066573;560714.722483;535368.067197;535147.297792;530210.597707;493814.834346;481834.531026;499042.828649;521814.36605;473875.338774;454324.578125;482056.59375;457976.484375;455760.890625;395981.453125;367658.390625;460612.5625;307545.1875;353321.0625;401938.859375;457231.879453;443595.354035;446963.273253;470229.43574;471297.115376;454505.975732;470636.825895;445318.607239;453281.755485;428545.374431;436145.537352;425695.339799;420402.980917;412823.491524;419698.439447;393293.445066;389978.67879;
55 años;637967.883213;626464.402677;614251.276042;575605.780921;559147.487148;534068.449184;535193.685706;532501.839547;495689.497776;483549.572494;501190.583508;523728.603165;476260.990105;454638.32488;480829.90625;457044.078125;454819.484375;395082.359375;366844.609375;459378.1875;306899.3125;352577.1875;401076.890625;455307.15625;440920.479145;444099.300983;467261.35077;468454.567686;451878.109462;467570.070345;443082.127159;450432.234405;426128.406311;433930.221762;423319.222653;418320.140847;410572.759356;416928.175359;390903.01822;386450.793453;326428.751698;
56 años;622817.094987;609658.779226;572251.785041;557616.273635;532477.741055;533598.943148;532326.818772;497508.972726;485139.232492;502735.2588;525625.395073;478249.349459;456558.925947;480373.273266;456003.671875;453674.078125;393991.265625;365906.828125;457944.8125;306059.4375;351781.3125;400082.921875;453362.34375;439336.5625;441117.328713;464070.2658;465224.019996;449256.243192;464439.314795;440627.647079;447460.713325;423593.438191;431591.015752;420735.005653;416016.300778;408130.027191;413977.911268;388366.591374;382735.908107;324220.500107;334166.049815;
57 años;606019.805443;568208.426024;553959.628894;530778.355945;531777.447186;530693.896527;497196.729646;486496.180647;504123.519105;526959.051822;480080.109844;458076.410121;481568.207169;455715.430805;452410.671875;392734.171875;364879.046875;456392.4375;305111.5625;350812.4375;398874.953125;451263.53125;437685.4375;439185.328125;460768.18083;461776.472306;446357.376922;461086.559245;437976.166999;444152.192245;420750.470071;429098.809742;417972.968673;413577.369589;405563.295028;410936.647175;385729.16453;378845.022772;321865.248528;331450.785395;318528.398514;
58 años;565024.434202;549898.978664;527648.828733;530112.500628;528631.556083;495616.143824;486039.464888;505144.25732;527845.831838;481367.729061;459578.903991;482432.796276;457052.453258;451902.758322;391406.078125;363589.265625;454686.0625;304084.6875;349705.5625;397545.984375;449045.71875;436050.3125;437447.921875;458385.65625;458268.924616;443241.510652;457395.803695;435060.686919;440702.671165;417734.501951;426240.603732;414955.931693;410873.820179;402951.366916;407639.383082;382838.737688;374786.137437;319330.996935;328536.520966;315594.186228;312585.153533;
59 años;546545.243793;523572.064316;526831.700911;526710.480984;493856.283602;484247.114495;504289.685254;528531.420439;482381.110994;460625.767496;483358.318651;457915.13982;452707.269732;390768.728033;362284.484375;452740.6875;302949.8125;348511.6875;395943.015625;446587.90625;434135.1875;435476.515625;456061.84375;455462.359375;439833.644382;453477.048145;431970.206839;437035.150085;414482.533831;423160.397722;411736.894713;407772.270769;400159.599616;404257.324698;379885.310841;370565.252092;316677.745347;325482.256548;312423.973933;310164.040349;320086.922211;
60 años;520355.95736;522650.037147;523550.210056;492122.500642;482307.402079;502561.941293;527523.293129;483160.503531;461470.471741;483708.703689;459058.678669;453447.340607;391579.266493;361819.642143;450672.3125;301614.9375;347112.8125;394290.046875;443944.09375;431910.0625;433383.109375;453441.03125;452780.390625;436936.59375;449312.292595;428564.726759;433012.629005;411025.565711;419808.191712;408132.857733;404375.721359;396925.832316;400921.307458;376671.761394;366121.36676;313647.493758;322049.992112;309054.761647;307360.927164;317022.72898;320589.370319;
61 años;519436.977269;519581.745341;489024.109778;480468.279639;500564.12509;525737.967351;482136.750948;461855.958778;483815.975777;459621.764749;454119.013543;392194.296328;362440.867855;449450.421976;300170.0625;345436.9375;392426.078125;441198.28125;429575.9375;430983.703125;450746.21875;449890.421875;433913.90625;445806.515625;425034.246679;428943.107925;407361.597591;416202.985702;404290.820753;400811.171949;393428.065016;397199.290218;373282.787424;362091.075934;310773.24217;318671.727695;305597.54936;304569.813983;313970.535757;317424.988341;314148.628709;
62 años;516159.817249;485115.826109;477357.581934;498623.64551;523412.614557;480069.62763;460692.31141;483216.927624;459879.876044;454023.161966;392665.372873;362843.316925;449313.58324;299527.485249;343717.0625;390357.109375;438100.46875;427020.8125;428441.296875;447767.40625;446763.453125;430675.21875;442070.734375;421447.828125;424388.586845;403385.629471;412356.779692;400400.783773;397084.622539;389630.297716;393104.272978;369470.813454;358036.904014;307608.836327;315089.463268;301899.337067;301512.700797;310552.342528;313928.606351;310634.219184;315599.877096;
63 años;481700.444783;473601.128603;495147.132132;520838.196988;477697.210248;458353.763752;481257.614365;459438.741758;453581.456751;392527.527069;362931.357418;448791.702118;299707.553856;342726.682277;388103.140625;434803.65625;424273.6875;425546.890625;444511.59375;443321.484375;427208.53125;438106.953125;417625.421875;420225.703125;399171.661351;408272.573682;396135.746793;392995.073129;385576.530416;388756.255738;365408.839484;353711.732094;304380.399637;311130.425934;297980.124783;298305.587616;306994.149293;310288.224375;306748.809658;311529.990859;301250.199201;
64 años;470183.182823;490943.482215;517209.786563;475189.912527;455807.800259;478523.364743;457590.71474;452421.690016;391947.497012;362459.700916;447912.849335;299606.746356;342227.675799;386273.121057;431147.84375;420967.5625;422418.484375;440958.78125;439573.515625;423480.84375;433939.171875;413441.015625;415906.546875;394648.671875;403805.367672;391627.709813;388585.523719;381314.763116;384078.238498;360998.865514;349067.560174;300769.962947;307149.434014;294056.540282;294992.474433;303239.956067;306312.842392;302701.400136;307286.10462;296959.670414;313504.003972;
65 años;487255.774164;512867.234521;471947.852932;453242.964515;475733.883552;455036.599051;450431.865241;390933.651638;361466.676299;446574.852056;299361.711561;341702.961174;385226.826326;428216.184087;417620.4375;419030.078125;436944.96875;435613.546875;419478.15625;429116.390625;409056.609375;411242.390625;390035.078125;398703.09375;386694.672833;383853.974309;376646.995816;379145.221258;356486.891544;343978.388254;296900.526257;302823.442094;290087.881342;290528.973159;299193.762837;302084.460413;298456.990605;302741.218385;292402.141634;307794.649476;285857.129434;
66 años;508606.853969;467624.144791;449740.911135;472709.186511;451975.210387;447288.182874;388737.455204;360130.710192;444576.817403;298339.225723;340621.398797;383708.357554;425923.77649;414818.421385;415177.671875;432646.15625;431273.578125;415081.46875;424182.609375;404293.203125;406364.234375;385161.484375;393654.40625;381266.25;378775.424899;371661.228516;373820.204018;351513.917574;338809.216334;292769.089567;298155.450174;285701.222402;285808.394269;294206.989193;297672.078429;294079.581081;297818.332146;287620.612847;301664.294986;281053.053909;283466.808979;
67 años;463244.065427;445264.634427;468280.373901;448580.868115;443625.023045;385551.159579;357556.56513;441642.153108;296986.85855;338815.116058;381518.485725;422842.679786;411924.04351;411714.789969;428135.34375;426327.609375;410428.78125;418899.828125;399299.796875;401182.078125;379846.890625;387871.71875;375504.75;372937.828125;366471.461216;368108.186778;346151.943604;333240.044414;288276.652877;293087.458254;281206.563462;280758.815379;288843.299463;292122.985757;289473.171554;292713.445905;282541.084064;295284.940495;275762.978384;277914.363391;270711.890644;
68 años;440597.565524;462995.016913;444214.816853;439887.755979;381817.686298;354224.849806;437569.762745;294700.373229;336437.897568;378713.711373;419286.806358;408368.075899;408303.383584;423805.546951;421189.640625;405112.09375;413251.046875;393977.390625;395613.921875;374315.296875;382065.03125;369230.25;366769.421875;360082.46875;361979.169538;340395.969634;327267.872494;283621.216187;287785.466334;276132.904522;275385.236489;282973.609733;286275.150947;283641.594691;287347.559672;277185.555285;288551.586002;270317.902861;272007.917808;264420.925773;257861.697422;
69 años;457808.934958;438683.027288;434709.882409;378038.124353;350470.515679;432844.409186;291608.553697;333437.853741;375312.400497;414830.242113;404478.015357;404167.001328;419203.844742;416148.833387;399490.40625;407001.265625;388082.984375;389670.765625;368323.703125;375743.34375;362711.75;360060.015625;353420.03125;355117.90625;334195.995664;320982.700574;278499.779497;282236.474414;270802.245582;269493.657599;276876.920003;280002.316137;277470.384361;280949.266525;271662.026501;281630.231508;264417.827335;265838.472222;257841.960922;251075.33552;259403.103084;
70 años;433115.950341;428771.86664;373352.907127;346387.374505;427708.099419;287944.075702;329391.621451;371099.447032;410074.319917;399691.729414;399640.430016;413884.87145;410975.380538;394078.680938;400525.484375;381589.578125;383004.609375;361844.109375;368895.65625;355781.25;353069.609375;346264.59375;347717.59375;327060.78125;314137.528654;273013.342807;276176.482494;265106.586642;263276.078709;270024.230273;273261.481327;270511.174031;274093.291995;264923.457394;274449.877018;258229.751812;259122.026633;250929.996065;243552.973623;250978.063991;233831.930564;
71 años;422625.859247;367722.625482;341556.464288;422244.040002;283928.486049;324995.969546;366159.615711;404449.578179;394424.094954;394109.125682;407947.742877;405105.190179;388168.068727;393851.570064;374927.171875;375905.453125;355015.515625;361680.96875;348214.75;345627.203125;338740.15625;339821.28125;319511.71875;306582.15625;267007.906117;269734.490574;259050.927702;256836.499819;263128.540543;266073.646517;263662.963701;266660.317465;258053.480224;266655.40255;251812.676285;252335.581052;243656.0312;236036.611732;242273.024903;226115.325513;226985.570909;
72 años;362104.677717;336029.165161;415665.646107;279578.766805;319879.118269;360552.120156;397984.891438;388475.228982;388165.208574;401198.378199;398722.640398;381666.961808;387330.418388;368215.631465;368420.296875;347576.921875;353678.28125;340387.25;337711.796875;330549.71875;331611.96875;311340.65625;298766.34375;260132.78125;262712.498654;252653.268762;249998.920929;255821.850813;258486.811707;255884.753371;258879.342935;250405.503054;258527.70409;244188.150058;245123.135471;236255.066346;228056.249835;233311.985814;217734.720464;218588.869694;214902.355104;
73 años;330528.713691;408285.928262;274762.276476;314520.270955;354441.752125;390794.404321;381714.859964;381521.111088;394157.955886;391439.740611;374740.273842;379804.372727;361065.031618;360795.801002;339764.328125;345072.59375;331857.75;329229.390625;321931.28125;322920.65625;303086.59375;290269.53125;253054.71875;255005.640625;245583.609822;242680.342039;248065.161083;250471.976897;247734.543041;250320.368405;242244.525884;249685.00563;236068.933688;236579.014431;228387.101482;219942.887942;223914.946724;209198.115417;209652.168487;205839.769392;186618.965839;
74 años;400652.578861;269148.806907;308302.436639;347863.28845;383005.939117;374286.530334;374176.339122;386198.204607;383783.472195;366678.395948;371834.943198;352894.751;352738.742819;331801.171858;336215.90625;322476.25;319968.984375;312828.84375;313575.34375;294101.53125;281474.71875;245203.65625;247062.609375;237768.359375;234861.763149;239790.471353;242092.142087;239414.332711;241747.393875;233538.548714;240513.30717;227294.717318;227529.958311;219545.584498;211487.526053;214514.90764;200236.510371;200778.46727;196432.183679;178545.429986;203848.559817;
75 años;263505.550607;301272.164906;340134.297372;374868.601231;366384.239376;365894.228725;377334.787476;375046.208701;358325.272644;362715.188239;344499.908851;343688.129831;323371.904823;327046.021025;312923.75;309912.578125;302911.40625;303719.03125;284597.46875;271994.90625;237102.59375;238462.578125;229691.390625;226716.671875;231023.781623;233305.307277;230510.122381;232659.419345;224355.571544;230577.60871;218285.500948;217932.902191;210333.757098;202448.788031;204655.868548;191057.905321;191432.766057;187097.597964;170168.894134;192882.421001;140683.543027;
76 años;294024.480095;331882.874598;365911.230212;357810.113938;357207.110011;367946.923479;365497.437059;349031.848031;353476.660784;335004.190684;334165.260362;314175.424046;317497.839359;303212.964579;299796.171875;292417.96875;292961.71875;274505.40625;261907.09375;228430.53125;229744.546875;221080.421875;218273.078125;221948.90625;223860.472467;221222.912051;223069.444815;215221.594374;220351.91025;208452.284578;207965.846071;200237.929698;193236.974791;194790.942975;181664.300273;181815.064844;177158.012254;161574.358285;181501.282194;133131.830851;141852.152062;
77 años;323280.226041;356134.429448;347939.801763;347690.336676;357894.533328;355304.18129;339174.664609;343189.379998;325231.224971;323774.666817;304478.954672;306839.17697;293292.812263;289391.112595;281439.53125;281372.40625;263403.34375;251440.28125;219094.46875;220299.515625;212087.453125;209266.484375;212596.59375;214116.46875;211182.701721;212975.470285;205397.617204;210004.21179;198384.068208;197264.789951;190104.102298;183290.161551;184895.640105;172188.413025;172086.363636;167276.426533;152935.82244;170426.143392;125368.118672;132753.093766;126052.888068;
78 años;345893.597438;337452.76701;336964.229418;347178.584861;344543.595836;328518.685058;332045.087427;314589.334809;312856.022026;293669.859936;295951.567818;282434.18415;278718.098119;270335.002133;269780.09375;251650.28125;239994.46875;209264.40625;210407.484375;202605.484375;199900.890625;202598.28125;204074.03125;200889.515625;202271.495755;195199.640034;199163.51333;188024.851838;186399.733831;179378.274898;173018.348311;174056.337235;162580.469335;162036.073427;157156.840817;144278.286595;158961.00458;117458.406495;123551.03547;117153.028401;125488.649307;
79 años;326362.134657;325496.006491;335155.879994;333074.696295;317209.267648;320126.520192;303042.508595;300988.56294;282611.992323;283817.015054;271264.476731;266914.70663;259186.516821;258097.003498;239726.21875;227927.65625;198783.34375;200256.453125;192439.515625;189791.296875;192318.96875;193632.59375;190439.734375;191212.265625;184206.662864;187585.81487;177370.635468;175264.677711;168317.447498;161942.535071;163255.034365;152182.525645;151957.465417;146990.171099;135563.75074;147575.865775;109642.694319;114429.977168;108369.168732;115737.468079;109267.359937;
80 años;313631.093154;322394.718669;320047.981629;305042.746273;307636.722166;290652.577924;288367.810428;270722.617987;271703.774602;258547.559304;254907.197332;246914.923948;245732.164302;227695.750609;215596.84375;187467.28125;188955.421875;181926.546875;179044.703125;181569.65625;182636.15625;179392.953125;180116.984375;172787.65625;175439.11641;166042.419098;163472.621591;157215.620098;151112.721831;151706.731495;141768.581955;140711.857407;136584.884579;125813.967426;136273.726971;101775.982142;105163.918874;99379.309059;105523.286842;99582.717191;91936.124592;
81 años;309081.090334;306438.047255;291324.044829;294100.358625;277571.3718;274896.058186;257818.900295;258130.89343;245928.36173;241523.580583;234392.382993;232456.003703;215635.089214;203225.729211;176302.21875;176949.390625;170670.578125;168089.109375;170345.34375;171136.71875;168177.171875;168433.703125;161609.84375;163299.15625;154320.202728;151688.565471;145420.792698;140197.908591;140195.428625;130736.638265;130143.249397;125970.598059;116147.534616;125005.888126;94074.269962;96171.860571;90424.449386;95812.105621;90382.074434;83378.596329;80458.200571;
82 años;292233.120826;277426.744734;279261.903874;263832.352562;260972.017151;244068.457844;244229.798344;232471.136068;228433.535497;220495.092126;219078.135274;202400.24256;190944.566696;164990.002963;165099.359375;158696.609375;156412.515625;158722.03125;159286.28125;156351.390625;156786.421875;149950.03125;151545.34375;142305.8125;139259.509351;133545.965298;128932.095351;128663.125755;119889.694575;118749.641387;115377.311539;105942.101806;114179.709276;85477.236481;87204.802288;82028.589718;86349.92439;81192.431683;75030.068063;72125.245407;74542.024592;
83 años;262716.300087;263923.053349;248484.106953;246365.006566;230007.721188;229792.903749;218248.664351;214035.027425;207037.283366;204211.784194;189031.475702;177520.734989;153845.009692;153279.851063;146711.640625;144131.921875;146375.71875;147072.84375;144095.609375;144660.140625;138207.21875;139172.53125;130654.1875;127179.609375;121509.137898;117316.282111;117088.822885;109189.750885;107688.033377;104401.025019;95935.668996;102929.530426;77230.463141;78519.576383;73718.730043;77229.74316;72365.78893;66842.539798;64016.290259;65855.060107;54455.942276;
84 años;247903.389228;233077.36558;230089.341971;215287.515454;215033.323366;203775.076774;199251.373448;192362.795886;189883.421647;174766.234037;164368.84813;141463.482914;141351.752716;135131.946114;132181.328125;133382.40625;134269.40625;132119.828125;132366.859375;126412.40625;126836.71875;119011.5625;115682.140625;109793.421875;105819.468871;105358.520015;98187.807195;97018.425367;93792.738499;85845.236186;92234.351576;68674.965401;70255.516963;65520.076315;68291.561933;63766.146179;58857.011539;56250.335092;57469.095616;47611.281406;58484.36421;
85 años;217094.277084;213940.197368;199080.752881;199246.04272;188873.421346;184417.779781;177486.178229;174642.202473;161107.314133;150378.775306;129680.63847;128817.653213;123532.879026;120320.765719;120989.09375;121108.96875;119556.046875;119749.578125;114098.59375;114395.90625;107360.9375;104101.671875;98832.328125;94714.703125;93498.217145;87358.863505;86269.817357;83806.451979;76308.803376;81353.172726;60601.467661;61728.457543;57871.463775;59714.71968;55684.503428;      ;;;;;;
86 años;197118.689558;183220.979775;182301.542481;173568.754194;169266.721627;162463.681064;159163.064471;146423.138181;137086.978292;117294.705679;116664.104092;111013.124943;108599.029626;108723.830849;108641.53125;106478.265625;106841.296875;101887.78125;102281.09375;95712.3125;92799.203125;87706.234375;84152.546875;82482.515625;76875.990615;75862.209347;73857.165459;67209.370566;71185.932476;52574.969921;53909.398123;50025.851235;52178.22978;47892.566731;44815.955014;      ;;;;;;
87 años;167036.484934;165932.010723;156833.490496;153678.497653;147747.901606;143846.405248;131948.691507;123308.078277;105625.590658;104088.079811;99258.068789;96308.067684;96826.709113;96408.899068;93963.484375;93606.015625;89671.96875;90323.28125;84269.6875;81521.734375;77318.140625;73612.390625;72426.734375;66873.5625;65415.601337;64165.500939;58129.937756;61767.753626;45172.472181;45976.338703;43075.238695;44458.73988;41131.571251;38109.132274;36058.028127;      ;;;;;;
88 años;149270.577348;140639.466243;137182.400002;132690.69001;128873.436861;117762.532572;109650.040524;93661.01838;92366.096679;87029.080697;85033.820563;84574.324668;84596.948859;82263.678356;81586.734375;77454.15625;78174.46875;73219.0625;70639.265625;67085.046875;63660.234375;62407.953125;57776.4375;55893.0;54850.214419;49565.504946;52581.574776;38447.974441;38881.279283;36172.626155;37644.24998;34423.575771;32311.650644;30186.178728;30233.23765;      ;;;;;;
89 años;124903.413785;121448.950994;116418.539836;114012.906985;103898.884327;96217.157603;82063.547314;80766.67051;76226.725859;73678.311719;73375.777595;72699.611051;71192.865755;70293.508127;66427.34375;66209.65625;62466.4375;60490.796875;57331.953125;54509.078125;53262.171875;48886.3125;47472.0;46271.15625;41693.072136;43877.395926;32250.156401;32602.219863;30073.013615;31115.76008;28695.580291;26641.169014;25234.950478;24899.991483;22339.13833;      ;;;;;;
90 años;106015.629504;101542.755895;98406.671239;90569.819567;83605.515853;70854.767732;69616.835287;65636.22676;63470.746199;62390.751401;62191.964181;60124.221335;59882.910975;56211.370922;55713.84375;52131.8125;50531.328125;48152.859375;45630.921875;44432.390625;40925.1875;39498.0;38658.34375;34372.265625;35617.217076;26592.339861;26610.160443;24769.897475;25399.27018;22839.584811;21569.422184;20309.722228;20200.288983;17970.418452;19692.07413;      ;;;;;;
91 años;87043.217299;84238.783892;76630.213614;71564.201673;60576.764068;59214.519454;55540.496783;53469.655511;52791.552268;51877.690017;50377.253413;49322.452364;46592.31264;46244.093984;43011.1875;41256.859375;39610.765625;37704.765625;36569.609375;33513.0625;32380.0;31635.53125;28043.984375;28565.25;21384.249621;21257.507823;19847.284935;20506.01428;18205.589331;17069.010554;16141.493978;15962.586483;14516.959872;15815.036526;14926.031432;      ;;;;;;
92 años;71131.592261;64413.198689;59413.86671;51156.186703;49852.658329;46323.926081;44378.926797;43733.792321;43182.502935;41091.133015;40621.413248;37606.90622;37636.598547;35060.881676;33416.390625;31680.671875;30231.609375;29523.828125;26878.9375;25976.0;25463.71875;22398.703125;22674.75;16786.796875;16542.009903;15661.184095;16176.99218;14411.649951;13273.044824;12378.680028;12401.330783;11272.267592;12586.061416;12118.65954;11263.39767;      ;;;;;;
93 años;53186.159842;49092.472117;41603.457667;41292.073268;38212.968529;36416.889797;35515.584853;35006.192673;33420.140715;32430.982015;30062.617293;29571.681157;27806.838986;26518.795541;25149.578125;23727.453125;23292.046875;21279.8125;20406.0;20055.90625;17622.421875;17524.25;12910.953125;12631.390625;11997.364055;12515.67798;11125.931771;10261.451394;9347.875678;9340.994183;8637.437012;9635.218706;9579.30339;8596.990634;7241.159474;      ;;;;;;
94 años;39785.182619;33791.667709;32909.364139;30971.345262;29457.244277;28630.248508;27916.901038;26619.730006;25822.395685;23271.160744;23046.040745;21359.857316;20448.857563;19799.87816;18363.296875;17793.265625;16221.6875;15613.0;15346.09375;13547.140625;13277.75;9583.109375;9485.859375;8866.734375;9438.91498;8401.157991;7714.605364;6984.429428;6885.118483;6330.204232;7321.464696;7195.29864;6507.383594;5548.379662;5266.82455;      ;;;;;;
95 años;26870.553667;25942.468534;24057.632481;23451.093055;22699.45204;21972.452568;20793.33647;20098.566622;17987.596959;17447.897033;16331.989402;15112.201647;15047.351757;14104.096765;13572.484375;12014.5625;11507.0;11428.28125;9990.859375;9689.25;6922.265625;6776.328125;6481.015625;6834.265625;6382.293511;5727.076734;5080.921478;5048.111983;4576.529752;5406.824386;5428.33489;4757.614054;4074.403302;3928.056071;4115.299724;      ;;;;;;
96 años;20141.155678;18669.065713;17872.483199;17645.59527;17197.729977;15999.593641;15315.301202;13585.42978;13184.471129;12036.031283;11184.864685;10877.065148;10444.583804;10207.210914;8877.4375;8392.0;8300.46875;7222.578125;6859.75;4732.421875;4677.796875;4479.296875;4780.984375;4610.90625;4305.990204;3701.080728;3596.587583;3328.255072;3901.207876;3975.81504;3472.874714;2836.899342;2918.896661;3079.530206;2668.883536;      ;;;;;;
97 años;14327.579403;13646.984269;13101.696027;13280.811153;12255.561831;11622.352676;9944.644915;9636.907047;8828.013443;7923.902413;7977.902415;7396.821143;7364.739573;6625.777408;6152.0;5812.65625;4999.296875;4688.25;3065.578125;3008.265625;2961.578125;3260.703125;3194.59375;2962.328125;2677.871378;2618.143383;2334.296792;2807.262766;2936.49149;2415.082874;2019.250582;2029.911151;2302.386536;2013.081307;1856.734057;      ;;;;;;
98 años;10170.447503;9823.96748;9708.226154;9313.669473;8762.682864;7328.568049;6939.536208;6309.119305;5660.278336;5441.148277;5218.799834;5032.037791;4602.111856;4549.034604;4212.84375;3365.015625;3055.75;1948.734375;1808.734375;1845.859375;2054.421875;2159.28125;1972.921875;1833.921875;1936.913183;1671.133812;1971.431156;2163.03534;1639.163434;1411.277322;1433.781241;1650.573166;1425.305137;1459.664199;1357.508974;      ;;;;;;
99 años;7266.936109;7184.220819;6625.940654;6530.111224;5380.68994;5009.013113;4454.336209;3872.35843;3790.857686;3469.454562;3501.522166;3069.37555;3107.37741;3094.261689;2463.734375;2016.25;1221.890625;1062.203125;1063.140625;1200.140625;1343.96875;1253.515625;1186.828125;1298.28125;1215.576432;1374.288246;1614.02709;1149.061694;996.198962;1034.926531;1208.876996;975.794967;1102.192939;1030.828488;1269.714815;      ;;;;;;
100 y más años;15479.120565;13604.610557;12086.042587;10763.273149;9288.796205;7825.998357;6895.82733;6366.440564;5734.906889;5385.078915;5064.960868;4837.010616;4720.998335;4268.688976;3087.0;1997.75;1842.359375;1944.8125;2138.796875;2405.0625;2505.21875;2648.515625;2798.09375;2870.125;2940.290441;3226.397185;3145.855975;3331.151511;3537.706239;3628.846638;3605.916862;3637.946645;3495.761086;3366.373518;3021.43644;      ;;;;;;